/Users/havenville/mystuff/PhD_R/2023-09-15_Entropy/Demo/backend/downloads/IMG_5114.MOV,0,1702104
/Users/havenville/mystuff/PhD_R/2023-09-15_Entropy/Demo/backend/downloads/IMG_5114.MOV,1,780640
/Users/havenville/mystuff/PhD_R/2023-09-15_Entropy/Demo/backend/downloads/IMG_5114.MOV,2,356544
/Users/havenville/mystuff/PhD_R/2023-09-15_Entropy/Demo/backend/downloads/IMG_5114.MOV,3,125616
/Users/havenville/mystuff/PhD_R/2023-09-15_Entropy/Demo/backend/downloads/IMG_5114.MOV,4,135432
/Users/havenville/mystuff/PhD_R/2023-09-15_Entropy/Demo/backend/downloads/IMG_5114.MOV,5,775288
/Users/havenville/mystuff/PhD_R/2023-09-15_Entropy/Demo/backend/downloads/IMG_5114.MOV,6,261800
/Users/havenville/mystuff/PhD_R/2023-09-15_Entropy/Demo/backend/downloads/IMG_5114.MOV,7,240400
/Users/havenville/mystuff/PhD_R/2023-09-15_Entropy/Demo/backend/downloads/IMG_5114.MOV,8,141288
/Users/havenville/mystuff/PhD_R/2023-09-15_Entropy/Demo/backend/downloads/IMG_5114.MOV,9,664584
/Users/havenville/mystuff/PhD_R/2023-09-15_Entropy/Demo/backend/downloads/IMG_5114.MOV,10,267096
/Users/havenville/mystuff/PhD_R/2023-09-15_Entropy/Demo/backend/downloads/IMG_5114.MOV,11,133192
/Users/havenville/mystuff/PhD_R/2023-09-15_Entropy/Demo/backend/downloads/IMG_5114.MOV,12,150080
/Users/havenville/mystuff/PhD_R/2023-09-15_Entropy/Demo/backend/downloads/IMG_5114.MOV,13,629576
/Users/havenville/mystuff/PhD_R/2023-09-15_Entropy/Demo/backend/downloads/IMG_5114.MOV,14,309904
/Users/havenville/mystuff/PhD_R/2023-09-15_Entropy/Demo/backend/downloads/IMG_5114.MOV,15,165392
/Users/havenville/mystuff/PhD_R/2023-09-15_Entropy/Demo/backend/downloads/IMG_5114.MOV,16,163928
/Users/havenville/mystuff/PhD_R/2023-09-15_Entropy/Demo/backend/downloads/IMG_5114.MOV,17,589256
/Users/havenville/mystuff/PhD_R/2023-09-15_Entropy/Demo/backend/downloads/IMG_5114.MOV,18,261792
/Users/havenville/mystuff/PhD_R/2023-09-15_Entropy/Demo/backend/downloads/IMG_5114.MOV,19,207480
/Users/havenville/mystuff/PhD_R/2023-09-15_Entropy/Demo/backend/downloads/IMG_5114.MOV,20,205424
/Users/havenville/mystuff/PhD_R/2023-09-15_Entropy/Demo/backend/downloads/IMG_5114.MOV,21,602272
/Users/havenville/mystuff/PhD_R/2023-09-15_Entropy/Demo/backend/downloads/IMG_5114.MOV,22,264000
/Users/havenville/mystuff/PhD_R/2023-09-15_Entropy/Demo/backend/downloads/IMG_5114.MOV,23,153856
/Users/havenville/mystuff/PhD_R/2023-09-15_Entropy/Demo/backend/downloads/IMG_5114.MOV,24,238224
/Users/havenville/mystuff/PhD_R/2023-09-15_Entropy/Demo/backend/downloads/IMG_5114.MOV,25,640664
/Users/havenville/mystuff/PhD_R/2023-09-15_Entropy/Demo/backend/downloads/IMG_5114.MOV,26,277368
/Users/havenville/mystuff/PhD_R/2023-09-15_Entropy/Demo/backend/downloads/IMG_5114.MOV,27,172520
/Users/havenville/mystuff/PhD_R/2023-09-15_Entropy/Demo/backend/downloads/IMG_5114.MOV,28,168920
/Users/havenville/mystuff/PhD_R/2023-09-15_Entropy/Demo/backend/downloads/IMG_5114.MOV,29,1167176
/Users/havenville/mystuff/PhD_R/2023-09-15_Entropy/Demo/backend/downloads/IMG_5114.MOV,30,290648
/Users/havenville/mystuff/PhD_R/2023-09-15_Entropy/Demo/backend/downloads/IMG_5114.MOV,31,185944
/Users/havenville/mystuff/PhD_R/2023-09-15_Entropy/Demo/backend/downloads/IMG_5114.MOV,32,185176
/Users/havenville/mystuff/PhD_R/2023-09-15_Entropy/Demo/backend/downloads/IMG_5114.MOV,33,687536
/Users/havenville/mystuff/PhD_R/2023-09-15_Entropy/Demo/backend/downloads/IMG_5114.MOV,34,306232
/Users/havenville/mystuff/PhD_R/2023-09-15_Entropy/Demo/backend/downloads/IMG_5114.MOV,35,191104
/Users/havenville/mystuff/PhD_R/2023-09-15_Entropy/Demo/backend/downloads/IMG_5114.MOV,36,198344
/Users/havenville/mystuff/PhD_R/2023-09-15_Entropy/Demo/backend/downloads/IMG_5114.MOV,37,683664
/Users/havenville/mystuff/PhD_R/2023-09-15_Entropy/Demo/backend/downloads/IMG_5114.MOV,38,299704
/Users/havenville/mystuff/PhD_R/2023-09-15_Entropy/Demo/backend/downloads/IMG_5114.MOV,39,246712
/Users/havenville/mystuff/PhD_R/2023-09-15_Entropy/Demo/backend/downloads/IMG_5114.MOV,40,231560
/Users/havenville/mystuff/PhD_R/2023-09-15_Entropy/Demo/backend/downloads/IMG_5114.MOV,41,668616
/Users/havenville/mystuff/PhD_R/2023-09-15_Entropy/Demo/backend/downloads/IMG_5114.MOV,42,299136
/Users/havenville/mystuff/PhD_R/2023-09-15_Entropy/Demo/backend/downloads/IMG_5114.MOV,43,193864
/Users/havenville/mystuff/PhD_R/2023-09-15_Entropy/Demo/backend/downloads/IMG_5114.MOV,44,198488
/Users/havenville/mystuff/PhD_R/2023-09-15_Entropy/Demo/backend/downloads/IMG_5114.MOV,45,666336
/Users/havenville/mystuff/PhD_R/2023-09-15_Entropy/Demo/backend/downloads/IMG_5114.MOV,46,305984
/Users/havenville/mystuff/PhD_R/2023-09-15_Entropy/Demo/backend/downloads/IMG_5114.MOV,47,209792
/Users/havenville/mystuff/PhD_R/2023-09-15_Entropy/Demo/backend/downloads/IMG_5114.MOV,48,190632
/Users/havenville/mystuff/PhD_R/2023-09-15_Entropy/Demo/backend/downloads/IMG_5114.MOV,49,638720
/Users/havenville/mystuff/PhD_R/2023-09-15_Entropy/Demo/backend/downloads/IMG_5114.MOV,50,288312
/Users/havenville/mystuff/PhD_R/2023-09-15_Entropy/Demo/backend/downloads/IMG_5114.MOV,51,186760
/Users/havenville/mystuff/PhD_R/2023-09-15_Entropy/Demo/backend/downloads/IMG_5114.MOV,52,178504
/Users/havenville/mystuff/PhD_R/2023-09-15_Entropy/Demo/backend/downloads/IMG_5114.MOV,53,610136
/Users/havenville/mystuff/PhD_R/2023-09-15_Entropy/Demo/backend/downloads/IMG_5114.MOV,54,287800
/Users/havenville/mystuff/PhD_R/2023-09-15_Entropy/Demo/backend/downloads/IMG_5114.MOV,55,185056
/Users/havenville/mystuff/PhD_R/2023-09-15_Entropy/Demo/backend/downloads/IMG_5114.MOV,56,170816
/Users/havenville/mystuff/PhD_R/2023-09-15_Entropy/Demo/backend/downloads/IMG_5114.MOV,57,659024
/Users/havenville/mystuff/PhD_R/2023-09-15_Entropy/Demo/backend/downloads/IMG_5114.MOV,58,288344
/Users/havenville/mystuff/PhD_R/2023-09-15_Entropy/Demo/backend/downloads/IMG_5114.MOV,59,237248
/Users/havenville/mystuff/PhD_R/2023-09-15_Entropy/Demo/backend/downloads/IMG_5114.MOV,60,161592
/Users/havenville/mystuff/PhD_R/2023-09-15_Entropy/Demo/backend/downloads/IMG_5114.MOV,61,1089504
/Users/havenville/mystuff/PhD_R/2023-09-15_Entropy/Demo/backend/downloads/IMG_5114.MOV,62,210680
/Users/havenville/mystuff/PhD_R/2023-09-15_Entropy/Demo/backend/downloads/IMG_5114.MOV,63,137488
/Users/havenville/mystuff/PhD_R/2023-09-15_Entropy/Demo/backend/downloads/IMG_5114.MOV,64,154368
/Users/havenville/mystuff/PhD_R/2023-09-15_Entropy/Demo/backend/downloads/IMG_5114.MOV,65,547800
/Users/havenville/mystuff/PhD_R/2023-09-15_Entropy/Demo/backend/downloads/IMG_5114.MOV,66,206680
/Users/havenville/mystuff/PhD_R/2023-09-15_Entropy/Demo/backend/downloads/IMG_5114.MOV,67,142384
/Users/havenville/mystuff/PhD_R/2023-09-15_Entropy/Demo/backend/downloads/IMG_5114.MOV,68,154904
/Users/havenville/mystuff/PhD_R/2023-09-15_Entropy/Demo/backend/downloads/IMG_5114.MOV,69,537800
/Users/havenville/mystuff/PhD_R/2023-09-15_Entropy/Demo/backend/downloads/IMG_5114.MOV,70,219000
/Users/havenville/mystuff/PhD_R/2023-09-15_Entropy/Demo/backend/downloads/IMG_5114.MOV,71,140376
/Users/havenville/mystuff/PhD_R/2023-09-15_Entropy/Demo/backend/downloads/IMG_5114.MOV,72,133784
/Users/havenville/mystuff/PhD_R/2023-09-15_Entropy/Demo/backend/downloads/IMG_5114.MOV,73,549688
/Users/havenville/mystuff/PhD_R/2023-09-15_Entropy/Demo/backend/downloads/IMG_5114.MOV,74,225840
/Users/havenville/mystuff/PhD_R/2023-09-15_Entropy/Demo/backend/downloads/IMG_5114.MOV,75,121392
/Users/havenville/mystuff/PhD_R/2023-09-15_Entropy/Demo/backend/downloads/IMG_5114.MOV,76,132944
/Users/havenville/mystuff/PhD_R/2023-09-15_Entropy/Demo/backend/downloads/IMG_5114.MOV,77,508768
/Users/havenville/mystuff/PhD_R/2023-09-15_Entropy/Demo/backend/downloads/IMG_5114.MOV,78,242816
/Users/havenville/mystuff/PhD_R/2023-09-15_Entropy/Demo/backend/downloads/IMG_5114.MOV,79,135560
/Users/havenville/mystuff/PhD_R/2023-09-15_Entropy/Demo/backend/downloads/IMG_5114.MOV,80,135456
/Users/havenville/mystuff/PhD_R/2023-09-15_Entropy/Demo/backend/downloads/IMG_5114.MOV,81,499384
/Users/havenville/mystuff/PhD_R/2023-09-15_Entropy/Demo/backend/downloads/IMG_5114.MOV,82,212376
/Users/havenville/mystuff/PhD_R/2023-09-15_Entropy/Demo/backend/downloads/IMG_5114.MOV,83,141192
/Users/havenville/mystuff/PhD_R/2023-09-15_Entropy/Demo/backend/downloads/IMG_5114.MOV,84,136368
/Users/havenville/mystuff/PhD_R/2023-09-15_Entropy/Demo/backend/downloads/IMG_5114.MOV,85,477480
/Users/havenville/mystuff/PhD_R/2023-09-15_Entropy/Demo/backend/downloads/IMG_5114.MOV,86,187392
/Users/havenville/mystuff/PhD_R/2023-09-15_Entropy/Demo/backend/downloads/IMG_5114.MOV,87,128800
/Users/havenville/mystuff/PhD_R/2023-09-15_Entropy/Demo/backend/downloads/IMG_5114.MOV,88,130880
/Users/havenville/mystuff/PhD_R/2023-09-15_Entropy/Demo/backend/downloads/IMG_5114.MOV,89,444552
/Users/havenville/mystuff/PhD_R/2023-09-15_Entropy/Demo/backend/downloads/IMG_5114.MOV,90,193704
/Users/havenville/mystuff/PhD_R/2023-09-15_Entropy/Demo/backend/downloads/IMG_5114.MOV,91,115112
/Users/havenville/mystuff/PhD_R/2023-09-15_Entropy/Demo/backend/downloads/IMG_5114.MOV,92,124800
/Users/havenville/mystuff/PhD_R/2023-09-15_Entropy/Demo/backend/downloads/IMG_5114.MOV,93,1002024
/Users/havenville/mystuff/PhD_R/2023-09-15_Entropy/Demo/backend/downloads/IMG_5114.MOV,94,194472
/Users/havenville/mystuff/PhD_R/2023-09-15_Entropy/Demo/backend/downloads/IMG_5114.MOV,95,128544
/Users/havenville/mystuff/PhD_R/2023-09-15_Entropy/Demo/backend/downloads/IMG_5114.MOV,96,106080
/Users/havenville/mystuff/PhD_R/2023-09-15_Entropy/Demo/backend/downloads/IMG_5114.MOV,97,411096
/Users/havenville/mystuff/PhD_R/2023-09-15_Entropy/Demo/backend/downloads/IMG_5114.MOV,98,173136
/Users/havenville/mystuff/PhD_R/2023-09-15_Entropy/Demo/backend/downloads/IMG_5114.MOV,99,129200
/Users/havenville/mystuff/PhD_R/2023-09-15_Entropy/Demo/backend/downloads/IMG_5114.MOV,100,128800
/Users/havenville/mystuff/PhD_R/2023-09-15_Entropy/Demo/backend/downloads/IMG_5114.MOV,101,448696
/Users/havenville/mystuff/PhD_R/2023-09-15_Entropy/Demo/backend/downloads/IMG_5114.MOV,102,192632
/Users/havenville/mystuff/PhD_R/2023-09-15_Entropy/Demo/backend/downloads/IMG_5114.MOV,103,125720
/Users/havenville/mystuff/PhD_R/2023-09-15_Entropy/Demo/backend/downloads/IMG_5114.MOV,104,127576
/Users/havenville/mystuff/PhD_R/2023-09-15_Entropy/Demo/backend/downloads/IMG_5114.MOV,105,429360
/Users/havenville/mystuff/PhD_R/2023-09-15_Entropy/Demo/backend/downloads/IMG_5114.MOV,106,182608
/Users/havenville/mystuff/PhD_R/2023-09-15_Entropy/Demo/backend/downloads/IMG_5114.MOV,107,128096
/Users/havenville/mystuff/PhD_R/2023-09-15_Entropy/Demo/backend/downloads/IMG_5114.MOV,108,121496
/Users/havenville/mystuff/PhD_R/2023-09-15_Entropy/Demo/backend/downloads/IMG_5114.MOV,109,449568
/Users/havenville/mystuff/PhD_R/2023-09-15_Entropy/Demo/backend/downloads/IMG_5114.MOV,110,187160
/Users/havenville/mystuff/PhD_R/2023-09-15_Entropy/Demo/backend/downloads/IMG_5114.MOV,111,128592
/Users/havenville/mystuff/PhD_R/2023-09-15_Entropy/Demo/backend/downloads/IMG_5114.MOV,112,139704
/Users/havenville/mystuff/PhD_R/2023-09-15_Entropy/Demo/backend/downloads/IMG_5114.MOV,113,457568
/Users/havenville/mystuff/PhD_R/2023-09-15_Entropy/Demo/backend/downloads/IMG_5114.MOV,114,201840
/Users/havenville/mystuff/PhD_R/2023-09-15_Entropy/Demo/backend/downloads/IMG_5114.MOV,115,127672
/Users/havenville/mystuff/PhD_R/2023-09-15_Entropy/Demo/backend/downloads/IMG_5114.MOV,116,129976
/Users/havenville/mystuff/PhD_R/2023-09-15_Entropy/Demo/backend/downloads/IMG_5114.MOV,117,454872
/Users/havenville/mystuff/PhD_R/2023-09-15_Entropy/Demo/backend/downloads/IMG_5114.MOV,118,199424
/Users/havenville/mystuff/PhD_R/2023-09-15_Entropy/Demo/backend/downloads/IMG_5114.MOV,119,135296
/Users/havenville/mystuff/PhD_R/2023-09-15_Entropy/Demo/backend/downloads/IMG_5114.MOV,120,144568
/Users/havenville/mystuff/PhD_R/2023-09-15_Entropy/Demo/backend/downloads/IMG_5114.MOV,121,450792
/Users/havenville/mystuff/PhD_R/2023-09-15_Entropy/Demo/backend/downloads/IMG_5114.MOV,122,195248
/Users/havenville/mystuff/PhD_R/2023-09-15_Entropy/Demo/backend/downloads/IMG_5114.MOV,123,159592
/Users/havenville/mystuff/PhD_R/2023-09-15_Entropy/Demo/backend/downloads/IMG_5114.MOV,124,130856
/Users/havenville/mystuff/PhD_R/2023-09-15_Entropy/Demo/backend/downloads/IMG_5114.MOV,125,840312
/Users/havenville/mystuff/PhD_R/2023-09-15_Entropy/Demo/backend/downloads/IMG_5114.MOV,126,186680
/Users/havenville/mystuff/PhD_R/2023-09-15_Entropy/Demo/backend/downloads/IMG_5114.MOV,127,132200
/Users/havenville/mystuff/PhD_R/2023-09-15_Entropy/Demo/backend/downloads/IMG_5114.MOV,128,140752
/Users/havenville/mystuff/PhD_R/2023-09-15_Entropy/Demo/backend/downloads/IMG_5114.MOV,129,420240
/Users/havenville/mystuff/PhD_R/2023-09-15_Entropy/Demo/backend/downloads/IMG_5114.MOV,130,200144
/Users/havenville/mystuff/PhD_R/2023-09-15_Entropy/Demo/backend/downloads/IMG_5114.MOV,131,129304
/Users/havenville/mystuff/PhD_R/2023-09-15_Entropy/Demo/backend/downloads/IMG_5114.MOV,132,135440
/Users/havenville/mystuff/PhD_R/2023-09-15_Entropy/Demo/backend/downloads/IMG_5114.MOV,133,468888
/Users/havenville/mystuff/PhD_R/2023-09-15_Entropy/Demo/backend/downloads/IMG_5114.MOV,134,193216
/Users/havenville/mystuff/PhD_R/2023-09-15_Entropy/Demo/backend/downloads/IMG_5114.MOV,135,130160
/Users/havenville/mystuff/PhD_R/2023-09-15_Entropy/Demo/backend/downloads/IMG_5114.MOV,136,127272
/Users/havenville/mystuff/PhD_R/2023-09-15_Entropy/Demo/backend/downloads/IMG_5114.MOV,137,423264
/Users/havenville/mystuff/PhD_R/2023-09-15_Entropy/Demo/backend/downloads/IMG_5114.MOV,138,174064
/Users/havenville/mystuff/PhD_R/2023-09-15_Entropy/Demo/backend/downloads/IMG_5114.MOV,139,122104
/Users/havenville/mystuff/PhD_R/2023-09-15_Entropy/Demo/backend/downloads/IMG_5114.MOV,140,127280
/Users/havenville/mystuff/PhD_R/2023-09-15_Entropy/Demo/backend/downloads/IMG_5114.MOV,141,410760
/Users/havenville/mystuff/PhD_R/2023-09-15_Entropy/Demo/backend/downloads/IMG_5114.MOV,142,186080
/Users/havenville/mystuff/PhD_R/2023-09-15_Entropy/Demo/backend/downloads/IMG_5114.MOV,143,146488
/Users/havenville/mystuff/PhD_R/2023-09-15_Entropy/Demo/backend/downloads/IMG_5114.MOV,144,121016
/Users/havenville/mystuff/PhD_R/2023-09-15_Entropy/Demo/backend/downloads/IMG_5114.MOV,145,394816
/Users/havenville/mystuff/PhD_R/2023-09-15_Entropy/Demo/backend/downloads/IMG_5114.MOV,146,185080
/Users/havenville/mystuff/PhD_R/2023-09-15_Entropy/Demo/backend/downloads/IMG_5114.MOV,147,123304
/Users/havenville/mystuff/PhD_R/2023-09-15_Entropy/Demo/backend/downloads/IMG_5114.MOV,148,145520
/Users/havenville/mystuff/PhD_R/2023-09-15_Entropy/Demo/backend/downloads/IMG_5114.MOV,149,396056
/Users/havenville/mystuff/PhD_R/2023-09-15_Entropy/Demo/backend/downloads/IMG_5114.MOV,150,191352
/Users/havenville/mystuff/PhD_R/2023-09-15_Entropy/Demo/backend/downloads/IMG_5114.MOV,151,131048
/Users/havenville/mystuff/PhD_R/2023-09-15_Entropy/Demo/backend/downloads/IMG_5114.MOV,152,130208
/Users/havenville/mystuff/PhD_R/2023-09-15_Entropy/Demo/backend/downloads/IMG_5114.MOV,153,424472
/Users/havenville/mystuff/PhD_R/2023-09-15_Entropy/Demo/backend/downloads/IMG_5114.MOV,154,187496
/Users/havenville/mystuff/PhD_R/2023-09-15_Entropy/Demo/backend/downloads/IMG_5114.MOV,155,148488
/Users/havenville/mystuff/PhD_R/2023-09-15_Entropy/Demo/backend/downloads/IMG_5114.MOV,156,133440
/Users/havenville/mystuff/PhD_R/2023-09-15_Entropy/Demo/backend/downloads/IMG_5114.MOV,157,800112
/Users/havenville/mystuff/PhD_R/2023-09-15_Entropy/Demo/backend/downloads/IMG_5114.MOV,158,174472
/Users/havenville/mystuff/PhD_R/2023-09-15_Entropy/Demo/backend/downloads/IMG_5114.MOV,159,130472
/Users/havenville/mystuff/PhD_R/2023-09-15_Entropy/Demo/backend/downloads/IMG_5114.MOV,160,122584
/Users/havenville/mystuff/PhD_R/2023-09-15_Entropy/Demo/backend/downloads/IMG_5114.MOV,161,440240
/Users/havenville/mystuff/PhD_R/2023-09-15_Entropy/Demo/backend/downloads/IMG_5114.MOV,162,172088
/Users/havenville/mystuff/PhD_R/2023-09-15_Entropy/Demo/backend/downloads/IMG_5114.MOV,163,124144
/Users/havenville/mystuff/PhD_R/2023-09-15_Entropy/Demo/backend/downloads/IMG_5114.MOV,164,129792
/Users/havenville/mystuff/PhD_R/2023-09-15_Entropy/Demo/backend/downloads/IMG_5114.MOV,165,422168
/Users/havenville/mystuff/PhD_R/2023-09-15_Entropy/Demo/backend/downloads/IMG_5114.MOV,166,162096
/Users/havenville/mystuff/PhD_R/2023-09-15_Entropy/Demo/backend/downloads/IMG_5114.MOV,167,131136
/Users/havenville/mystuff/PhD_R/2023-09-15_Entropy/Demo/backend/downloads/IMG_5114.MOV,168,125680
/Users/havenville/mystuff/PhD_R/2023-09-15_Entropy/Demo/backend/downloads/IMG_5114.MOV,169,395344
/Users/havenville/mystuff/PhD_R/2023-09-15_Entropy/Demo/backend/downloads/IMG_5114.MOV,170,178048
/Users/havenville/mystuff/PhD_R/2023-09-15_Entropy/Demo/backend/downloads/IMG_5114.MOV,171,119096
/Users/havenville/mystuff/PhD_R/2023-09-15_Entropy/Demo/backend/downloads/IMG_5114.MOV,172,128120
/Users/havenville/mystuff/PhD_R/2023-09-15_Entropy/Demo/backend/downloads/IMG_5114.MOV,173,420544
/Users/havenville/mystuff/PhD_R/2023-09-15_Entropy/Demo/backend/downloads/IMG_5114.MOV,174,178344
/Users/havenville/mystuff/PhD_R/2023-09-15_Entropy/Demo/backend/downloads/IMG_5114.MOV,175,112368
/Users/havenville/mystuff/PhD_R/2023-09-15_Entropy/Demo/backend/downloads/IMG_5114.MOV,176,122928
/Users/havenville/mystuff/PhD_R/2023-09-15_Entropy/Demo/backend/downloads/IMG_5114.MOV,177,442312
/Users/havenville/mystuff/PhD_R/2023-09-15_Entropy/Demo/backend/downloads/IMG_5114.MOV,178,178056
/Users/havenville/mystuff/PhD_R/2023-09-15_Entropy/Demo/backend/downloads/IMG_5114.MOV,179,116944
/Users/havenville/mystuff/PhD_R/2023-09-15_Entropy/Demo/backend/downloads/IMG_5114.MOV,180,110848
/Users/havenville/mystuff/PhD_R/2023-09-15_Entropy/Demo/backend/downloads/IMG_5114.MOV,181,458072
/Users/havenville/mystuff/PhD_R/2023-09-15_Entropy/Demo/backend/downloads/IMG_5114.MOV,182,197168
/Users/havenville/mystuff/PhD_R/2023-09-15_Entropy/Demo/backend/downloads/IMG_5114.MOV,183,110928
/Users/havenville/mystuff/PhD_R/2023-09-15_Entropy/Demo/backend/downloads/IMG_5114.MOV,184,106760
/Users/havenville/mystuff/PhD_R/2023-09-15_Entropy/Demo/backend/downloads/IMG_5114.MOV,185,474664
/Users/havenville/mystuff/PhD_R/2023-09-15_Entropy/Demo/backend/downloads/IMG_5114.MOV,186,202912
/Users/havenville/mystuff/PhD_R/2023-09-15_Entropy/Demo/backend/downloads/IMG_5114.MOV,187,118576
/Users/havenville/mystuff/PhD_R/2023-09-15_Entropy/Demo/backend/downloads/IMG_5114.MOV,188,101168
/Users/havenville/mystuff/PhD_R/2023-09-15_Entropy/Demo/backend/downloads/IMG_5114.MOV,189,932648
/Users/havenville/mystuff/PhD_R/2023-09-15_Entropy/Demo/backend/downloads/IMG_5114.MOV,190,188536
/Users/havenville/mystuff/PhD_R/2023-09-15_Entropy/Demo/backend/downloads/IMG_5114.MOV,191,108560
/Users/havenville/mystuff/PhD_R/2023-09-15_Entropy/Demo/backend/downloads/IMG_5114.MOV,192,108064
/Users/havenville/mystuff/PhD_R/2023-09-15_Entropy/Demo/backend/downloads/IMG_5114.MOV,193,502696
/Users/havenville/mystuff/PhD_R/2023-09-15_Entropy/Demo/backend/downloads/IMG_5114.MOV,194,200160
/Users/havenville/mystuff/PhD_R/2023-09-15_Entropy/Demo/backend/downloads/IMG_5114.MOV,195,94792
/Users/havenville/mystuff/PhD_R/2023-09-15_Entropy/Demo/backend/downloads/IMG_5114.MOV,196,110328
/Users/havenville/mystuff/PhD_R/2023-09-15_Entropy/Demo/backend/downloads/IMG_5114.MOV,197,537216
/Users/havenville/mystuff/PhD_R/2023-09-15_Entropy/Demo/backend/downloads/IMG_5114.MOV,198,211760
/Users/havenville/mystuff/PhD_R/2023-09-15_Entropy/Demo/backend/downloads/IMG_5114.MOV,199,107720
/Users/havenville/mystuff/PhD_R/2023-09-15_Entropy/Demo/backend/downloads/IMG_5114.MOV,200,109960
/Users/havenville/mystuff/PhD_R/2023-09-15_Entropy/Demo/backend/downloads/IMG_5114.MOV,201,566128
/Users/havenville/mystuff/PhD_R/2023-09-15_Entropy/Demo/backend/downloads/IMG_5114.MOV,202,208304
/Users/havenville/mystuff/PhD_R/2023-09-15_Entropy/Demo/backend/downloads/IMG_5114.MOV,203,129472
/Users/havenville/mystuff/PhD_R/2023-09-15_Entropy/Demo/backend/downloads/IMG_5114.MOV,204,135224
/Users/havenville/mystuff/PhD_R/2023-09-15_Entropy/Demo/backend/downloads/IMG_5114.MOV,205,579160
/Users/havenville/mystuff/PhD_R/2023-09-15_Entropy/Demo/backend/downloads/IMG_5114.MOV,206,246264
/Users/havenville/mystuff/PhD_R/2023-09-15_Entropy/Demo/backend/downloads/IMG_5114.MOV,207,130760
/Users/havenville/mystuff/PhD_R/2023-09-15_Entropy/Demo/backend/downloads/IMG_5114.MOV,208,132800
/Users/havenville/mystuff/PhD_R/2023-09-15_Entropy/Demo/backend/downloads/IMG_5114.MOV,209,583856
/Users/havenville/mystuff/PhD_R/2023-09-15_Entropy/Demo/backend/downloads/IMG_5114.MOV,210,255336
/Users/havenville/mystuff/PhD_R/2023-09-15_Entropy/Demo/backend/downloads/IMG_5114.MOV,211,125208
/Users/havenville/mystuff/PhD_R/2023-09-15_Entropy/Demo/backend/downloads/IMG_5114.MOV,212,103032
/Users/havenville/mystuff/PhD_R/2023-09-15_Entropy/Demo/backend/downloads/IMG_5114.MOV,213,582336
/Users/havenville/mystuff/PhD_R/2023-09-15_Entropy/Demo/backend/downloads/IMG_5114.MOV,214,240368
/Users/havenville/mystuff/PhD_R/2023-09-15_Entropy/Demo/backend/downloads/IMG_5114.MOV,215,116656
/Users/havenville/mystuff/PhD_R/2023-09-15_Entropy/Demo/backend/downloads/IMG_5114.MOV,216,134312
/Users/havenville/mystuff/PhD_R/2023-09-15_Entropy/Demo/backend/downloads/IMG_5114.MOV,217,619704
/Users/havenville/mystuff/PhD_R/2023-09-15_Entropy/Demo/backend/downloads/IMG_5114.MOV,218,257328
/Users/havenville/mystuff/PhD_R/2023-09-15_Entropy/Demo/backend/downloads/IMG_5114.MOV,219,120432
/Users/havenville/mystuff/PhD_R/2023-09-15_Entropy/Demo/backend/downloads/IMG_5114.MOV,220,134216
/Users/havenville/mystuff/PhD_R/2023-09-15_Entropy/Demo/backend/downloads/IMG_5114.MOV,221,986016
/Users/havenville/mystuff/PhD_R/2023-09-15_Entropy/Demo/backend/downloads/IMG_5114.MOV,222,288112
/Users/havenville/mystuff/PhD_R/2023-09-15_Entropy/Demo/backend/downloads/IMG_5114.MOV,223,124296
/Users/havenville/mystuff/PhD_R/2023-09-15_Entropy/Demo/backend/downloads/IMG_5114.MOV,224,124136
/Users/havenville/mystuff/PhD_R/2023-09-15_Entropy/Demo/backend/downloads/IMG_5114.MOV,225,659376
/Users/havenville/mystuff/PhD_R/2023-09-15_Entropy/Demo/backend/downloads/IMG_5114.MOV,226,269432
/Users/havenville/mystuff/PhD_R/2023-09-15_Entropy/Demo/backend/downloads/IMG_5114.MOV,227,117368
/Users/havenville/mystuff/PhD_R/2023-09-15_Entropy/Demo/backend/downloads/IMG_5114.MOV,228,134024
/Users/havenville/mystuff/PhD_R/2023-09-15_Entropy/Demo/backend/downloads/IMG_5114.MOV,229,630336
/Users/havenville/mystuff/PhD_R/2023-09-15_Entropy/Demo/backend/downloads/IMG_5114.MOV,230,247464
/Users/havenville/mystuff/PhD_R/2023-09-15_Entropy/Demo/backend/downloads/IMG_5114.MOV,231,125376
/Users/havenville/mystuff/PhD_R/2023-09-15_Entropy/Demo/backend/downloads/IMG_5114.MOV,232,102520
/Users/havenville/mystuff/PhD_R/2023-09-15_Entropy/Demo/backend/downloads/IMG_5114.MOV,233,590192
/Users/havenville/mystuff/PhD_R/2023-09-15_Entropy/Demo/backend/downloads/IMG_5114.MOV,234,232992
/Users/havenville/mystuff/PhD_R/2023-09-15_Entropy/Demo/backend/downloads/IMG_5114.MOV,235,110928
/Users/havenville/mystuff/PhD_R/2023-09-15_Entropy/Demo/backend/downloads/IMG_5114.MOV,236,120880
/Users/havenville/mystuff/PhD_R/2023-09-15_Entropy/Demo/backend/downloads/IMG_5114.MOV,237,667888
/Users/havenville/mystuff/PhD_R/2023-09-15_Entropy/Demo/backend/downloads/IMG_5114.MOV,238,248248
/Users/havenville/mystuff/PhD_R/2023-09-15_Entropy/Demo/backend/downloads/IMG_5114.MOV,239,112456
/Users/havenville/mystuff/PhD_R/2023-09-15_Entropy/Demo/backend/downloads/IMG_5114.MOV,240,123536
/Users/havenville/mystuff/PhD_R/2023-09-15_Entropy/Demo/backend/downloads/IMG_5114.MOV,241,625160
/Users/havenville/mystuff/PhD_R/2023-09-15_Entropy/Demo/backend/downloads/IMG_5114.MOV,242,269432
/Users/havenville/mystuff/PhD_R/2023-09-15_Entropy/Demo/backend/downloads/IMG_5114.MOV,243,120360
/Users/havenville/mystuff/PhD_R/2023-09-15_Entropy/Demo/backend/downloads/IMG_5114.MOV,244,124160
/Users/havenville/mystuff/PhD_R/2023-09-15_Entropy/Demo/backend/downloads/IMG_5114.MOV,245,656424
/Users/havenville/mystuff/PhD_R/2023-09-15_Entropy/Demo/backend/downloads/IMG_5114.MOV,246,270336
/Users/havenville/mystuff/PhD_R/2023-09-15_Entropy/Demo/backend/downloads/IMG_5114.MOV,247,132352
/Users/havenville/mystuff/PhD_R/2023-09-15_Entropy/Demo/backend/downloads/IMG_5114.MOV,248,129528
/Users/havenville/mystuff/PhD_R/2023-09-15_Entropy/Demo/backend/downloads/IMG_5114.MOV,249,640576
/Users/havenville/mystuff/PhD_R/2023-09-15_Entropy/Demo/backend/downloads/IMG_5114.MOV,250,259304
/Users/havenville/mystuff/PhD_R/2023-09-15_Entropy/Demo/backend/downloads/IMG_5114.MOV,251,119264
/Users/havenville/mystuff/PhD_R/2023-09-15_Entropy/Demo/backend/downloads/IMG_5114.MOV,252,144984
/Users/havenville/mystuff/PhD_R/2023-09-15_Entropy/Demo/backend/downloads/IMG_5114.MOV,253,1138672
/Users/havenville/mystuff/PhD_R/2023-09-15_Entropy/Demo/backend/downloads/IMG_5114.MOV,254,291704
/Users/havenville/mystuff/PhD_R/2023-09-15_Entropy/Demo/backend/downloads/IMG_5114.MOV,255,115240
/Users/havenville/mystuff/PhD_R/2023-09-15_Entropy/Demo/backend/downloads/IMG_5114.MOV,256,132224
/Users/havenville/mystuff/PhD_R/2023-09-15_Entropy/Demo/backend/downloads/IMG_5114.MOV,257,668568
/Users/havenville/mystuff/PhD_R/2023-09-15_Entropy/Demo/backend/downloads/IMG_5114.MOV,258,248904
/Users/havenville/mystuff/PhD_R/2023-09-15_Entropy/Demo/backend/downloads/IMG_5114.MOV,259,112896
/Users/havenville/mystuff/PhD_R/2023-09-15_Entropy/Demo/backend/downloads/IMG_5114.MOV,260,130336
/Users/havenville/mystuff/PhD_R/2023-09-15_Entropy/Demo/backend/downloads/IMG_5114.MOV,261,545208
/Users/havenville/mystuff/PhD_R/2023-09-15_Entropy/Demo/backend/downloads/IMG_5114.MOV,262,243872
/Users/havenville/mystuff/PhD_R/2023-09-15_Entropy/Demo/backend/downloads/IMG_5114.MOV,263,121712
/Users/havenville/mystuff/PhD_R/2023-09-15_Entropy/Demo/backend/downloads/IMG_5114.MOV,264,122368
/Users/havenville/mystuff/PhD_R/2023-09-15_Entropy/Demo/backend/downloads/IMG_5114.MOV,265,604488
/Users/havenville/mystuff/PhD_R/2023-09-15_Entropy/Demo/backend/downloads/IMG_5114.MOV,266,230256
/Users/havenville/mystuff/PhD_R/2023-09-15_Entropy/Demo/backend/downloads/IMG_5114.MOV,267,118752
/Users/havenville/mystuff/PhD_R/2023-09-15_Entropy/Demo/backend/downloads/IMG_5114.MOV,268,118880
/Users/havenville/mystuff/PhD_R/2023-09-15_Entropy/Demo/backend/downloads/IMG_5114.MOV,269,608568
/Users/havenville/mystuff/PhD_R/2023-09-15_Entropy/Demo/backend/downloads/IMG_5114.MOV,270,251392
/Users/havenville/mystuff/PhD_R/2023-09-15_Entropy/Demo/backend/downloads/IMG_5114.MOV,271,121896
/Users/havenville/mystuff/PhD_R/2023-09-15_Entropy/Demo/backend/downloads/IMG_5114.MOV,272,119432
/Users/havenville/mystuff/PhD_R/2023-09-15_Entropy/Demo/backend/downloads/IMG_5114.MOV,273,592352
/Users/havenville/mystuff/PhD_R/2023-09-15_Entropy/Demo/backend/downloads/IMG_5114.MOV,274,248896
/Users/havenville/mystuff/PhD_R/2023-09-15_Entropy/Demo/backend/downloads/IMG_5114.MOV,275,123152
/Users/havenville/mystuff/PhD_R/2023-09-15_Entropy/Demo/backend/downloads/IMG_5114.MOV,276,121784
/Users/havenville/mystuff/PhD_R/2023-09-15_Entropy/Demo/backend/downloads/IMG_5114.MOV,277,588456
/Users/havenville/mystuff/PhD_R/2023-09-15_Entropy/Demo/backend/downloads/IMG_5114.MOV,278,238192
/Users/havenville/mystuff/PhD_R/2023-09-15_Entropy/Demo/backend/downloads/IMG_5114.MOV,279,119840
/Users/havenville/mystuff/PhD_R/2023-09-15_Entropy/Demo/backend/downloads/IMG_5114.MOV,280,146816
/Users/havenville/mystuff/PhD_R/2023-09-15_Entropy/Demo/backend/downloads/IMG_5114.MOV,281,628064
/Users/havenville/mystuff/PhD_R/2023-09-15_Entropy/Demo/backend/downloads/IMG_5114.MOV,282,240904
/Users/havenville/mystuff/PhD_R/2023-09-15_Entropy/Demo/backend/downloads/IMG_5114.MOV,283,112288
/Users/havenville/mystuff/PhD_R/2023-09-15_Entropy/Demo/backend/downloads/IMG_5114.MOV,284,136536
/Users/havenville/mystuff/PhD_R/2023-09-15_Entropy/Demo/backend/downloads/IMG_5114.MOV,285,1041528
/Users/havenville/mystuff/PhD_R/2023-09-15_Entropy/Demo/backend/downloads/IMG_5114.MOV,286,255384
/Users/havenville/mystuff/PhD_R/2023-09-15_Entropy/Demo/backend/downloads/IMG_5114.MOV,287,133944
/Users/havenville/mystuff/PhD_R/2023-09-15_Entropy/Demo/backend/downloads/IMG_5114.MOV,288,126216
/Users/havenville/mystuff/PhD_R/2023-09-15_Entropy/Demo/backend/downloads/IMG_5114.MOV,289,602472
/Users/havenville/mystuff/PhD_R/2023-09-15_Entropy/Demo/backend/downloads/IMG_5114.MOV,290,219328
/Users/havenville/mystuff/PhD_R/2023-09-15_Entropy/Demo/backend/downloads/IMG_5114.MOV,291,110144
/Users/havenville/mystuff/PhD_R/2023-09-15_Entropy/Demo/backend/downloads/IMG_5114.MOV,292,129600
/Users/havenville/mystuff/PhD_R/2023-09-15_Entropy/Demo/backend/downloads/IMG_5114.MOV,293,615032
/Users/havenville/mystuff/PhD_R/2023-09-15_Entropy/Demo/backend/downloads/IMG_5114.MOV,294,226616
/Users/havenville/mystuff/PhD_R/2023-09-15_Entropy/Demo/backend/downloads/IMG_5114.MOV,295,113592
/Users/havenville/mystuff/PhD_R/2023-09-15_Entropy/Demo/backend/downloads/IMG_5114.MOV,296,133656
/Users/havenville/mystuff/PhD_R/2023-09-15_Entropy/Demo/backend/downloads/IMG_5114.MOV,297,626160
/Users/havenville/mystuff/PhD_R/2023-09-15_Entropy/Demo/backend/downloads/IMG_5114.MOV,298,272552
/Users/havenville/mystuff/PhD_R/2023-09-15_Entropy/Demo/backend/downloads/IMG_5114.MOV,299,111304
/Users/havenville/mystuff/PhD_R/2023-09-15_Entropy/Demo/backend/downloads/IMG_5114.MOV,300,133432
/Users/havenville/mystuff/PhD_R/2023-09-15_Entropy/Demo/backend/downloads/IMG_5114.MOV,301,611272
/Users/havenville/mystuff/PhD_R/2023-09-15_Entropy/Demo/backend/downloads/IMG_5114.MOV,302,275432
/Users/havenville/mystuff/PhD_R/2023-09-15_Entropy/Demo/backend/downloads/IMG_5114.MOV,303,110840
/Users/havenville/mystuff/PhD_R/2023-09-15_Entropy/Demo/backend/downloads/IMG_5114.MOV,304,144048
/Users/havenville/mystuff/PhD_R/2023-09-15_Entropy/Demo/backend/downloads/IMG_5114.MOV,305,589968
/Users/havenville/mystuff/PhD_R/2023-09-15_Entropy/Demo/backend/downloads/IMG_5114.MOV,306,288080
/Users/havenville/mystuff/PhD_R/2023-09-15_Entropy/Demo/backend/downloads/IMG_5114.MOV,307,116544
/Users/havenville/mystuff/PhD_R/2023-09-15_Entropy/Demo/backend/downloads/IMG_5114.MOV,308,149784
/Users/havenville/mystuff/PhD_R/2023-09-15_Entropy/Demo/backend/downloads/IMG_5114.MOV,309,594536
/Users/havenville/mystuff/PhD_R/2023-09-15_Entropy/Demo/backend/downloads/IMG_5114.MOV,310,229992
/Users/havenville/mystuff/PhD_R/2023-09-15_Entropy/Demo/backend/downloads/IMG_5114.MOV,311,124000
/Users/havenville/mystuff/PhD_R/2023-09-15_Entropy/Demo/backend/downloads/IMG_5114.MOV,312,145360
/Users/havenville/mystuff/PhD_R/2023-09-15_Entropy/Demo/backend/downloads/IMG_5114.MOV,313,595920
/Users/havenville/mystuff/PhD_R/2023-09-15_Entropy/Demo/backend/downloads/IMG_5114.MOV,314,279456
/Users/havenville/mystuff/PhD_R/2023-09-15_Entropy/Demo/backend/downloads/IMG_5114.MOV,315,114920
/Users/havenville/mystuff/PhD_R/2023-09-15_Entropy/Demo/backend/downloads/IMG_5114.MOV,316,137528
/Users/havenville/mystuff/PhD_R/2023-09-15_Entropy/Demo/backend/downloads/IMG_5114.MOV,317,1006024
/Users/havenville/mystuff/PhD_R/2023-09-15_Entropy/Demo/backend/downloads/IMG_5114.MOV,318,263008
/Users/havenville/mystuff/PhD_R/2023-09-15_Entropy/Demo/backend/downloads/IMG_5114.MOV,319,139080
/Users/havenville/mystuff/PhD_R/2023-09-15_Entropy/Demo/backend/downloads/IMG_5114.MOV,320,129808
/Users/havenville/mystuff/PhD_R/2023-09-15_Entropy/Demo/backend/downloads/IMG_5114.MOV,321,578224
/Users/havenville/mystuff/PhD_R/2023-09-15_Entropy/Demo/backend/downloads/IMG_5114.MOV,322,210504
/Users/havenville/mystuff/PhD_R/2023-09-15_Entropy/Demo/backend/downloads/IMG_5114.MOV,323,107232
/Users/havenville/mystuff/PhD_R/2023-09-15_Entropy/Demo/backend/downloads/IMG_5114.MOV,324,139184
/Users/havenville/mystuff/PhD_R/2023-09-15_Entropy/Demo/backend/downloads/IMG_5114.MOV,325,557064
/Users/havenville/mystuff/PhD_R/2023-09-15_Entropy/Demo/backend/downloads/IMG_5114.MOV,326,212968
/Users/havenville/mystuff/PhD_R/2023-09-15_Entropy/Demo/backend/downloads/IMG_5114.MOV,327,112512
/Users/havenville/mystuff/PhD_R/2023-09-15_Entropy/Demo/backend/downloads/IMG_5114.MOV,328,130976
/Users/havenville/mystuff/PhD_R/2023-09-15_Entropy/Demo/backend/downloads/IMG_5114.MOV,329,580408
/Users/havenville/mystuff/PhD_R/2023-09-15_Entropy/Demo/backend/downloads/IMG_5114.MOV,330,256040
/Users/havenville/mystuff/PhD_R/2023-09-15_Entropy/Demo/backend/downloads/IMG_5114.MOV,331,136128
/Users/havenville/mystuff/PhD_R/2023-09-15_Entropy/Demo/backend/downloads/IMG_5114.MOV,332,135568
/Users/havenville/mystuff/PhD_R/2023-09-15_Entropy/Demo/backend/downloads/IMG_5114.MOV,333,556904
/Users/havenville/mystuff/PhD_R/2023-09-15_Entropy/Demo/backend/downloads/IMG_5114.MOV,334,256400
/Users/havenville/mystuff/PhD_R/2023-09-15_Entropy/Demo/backend/downloads/IMG_5114.MOV,335,129504
/Users/havenville/mystuff/PhD_R/2023-09-15_Entropy/Demo/backend/downloads/IMG_5114.MOV,336,128856
/Users/havenville/mystuff/PhD_R/2023-09-15_Entropy/Demo/backend/downloads/IMG_5114.MOV,337,548264
/Users/havenville/mystuff/PhD_R/2023-09-15_Entropy/Demo/backend/downloads/IMG_5114.MOV,338,251304
/Users/havenville/mystuff/PhD_R/2023-09-15_Entropy/Demo/backend/downloads/IMG_5114.MOV,339,137608
/Users/havenville/mystuff/PhD_R/2023-09-15_Entropy/Demo/backend/downloads/IMG_5114.MOV,340,156088
/Users/havenville/mystuff/PhD_R/2023-09-15_Entropy/Demo/backend/downloads/IMG_5114.MOV,341,562456
/Users/havenville/mystuff/PhD_R/2023-09-15_Entropy/Demo/backend/downloads/IMG_5114.MOV,342,247264
/Users/havenville/mystuff/PhD_R/2023-09-15_Entropy/Demo/backend/downloads/IMG_5114.MOV,343,129800
/Users/havenville/mystuff/PhD_R/2023-09-15_Entropy/Demo/backend/downloads/IMG_5114.MOV,344,143000
/Users/havenville/mystuff/PhD_R/2023-09-15_Entropy/Demo/backend/downloads/IMG_5114.MOV,345,602056
/Users/havenville/mystuff/PhD_R/2023-09-15_Entropy/Demo/backend/downloads/IMG_5114.MOV,346,242408
/Users/havenville/mystuff/PhD_R/2023-09-15_Entropy/Demo/backend/downloads/IMG_5114.MOV,347,129616
/Users/havenville/mystuff/PhD_R/2023-09-15_Entropy/Demo/backend/downloads/IMG_5114.MOV,348,136424
/Users/havenville/mystuff/PhD_R/2023-09-15_Entropy/Demo/backend/downloads/IMG_5114.MOV,349,976568
/Users/havenville/mystuff/PhD_R/2023-09-15_Entropy/Demo/backend/downloads/IMG_5114.MOV,350,241272
/Users/havenville/mystuff/PhD_R/2023-09-15_Entropy/Demo/backend/downloads/IMG_5114.MOV,351,131336
/Users/havenville/mystuff/PhD_R/2023-09-15_Entropy/Demo/backend/downloads/IMG_5114.MOV,352,131144
/Users/havenville/mystuff/PhD_R/2023-09-15_Entropy/Demo/backend/downloads/IMG_5114.MOV,353,594112
/Users/havenville/mystuff/PhD_R/2023-09-15_Entropy/Demo/backend/downloads/IMG_5114.MOV,354,229696
/Users/havenville/mystuff/PhD_R/2023-09-15_Entropy/Demo/backend/downloads/IMG_5114.MOV,355,117712
/Users/havenville/mystuff/PhD_R/2023-09-15_Entropy/Demo/backend/downloads/IMG_5114.MOV,356,137712
/Users/havenville/mystuff/PhD_R/2023-09-15_Entropy/Demo/backend/downloads/IMG_5114.MOV,357,558752
/Users/havenville/mystuff/PhD_R/2023-09-15_Entropy/Demo/backend/downloads/IMG_5114.MOV,358,234584
/Users/havenville/mystuff/PhD_R/2023-09-15_Entropy/Demo/backend/downloads/IMG_5114.MOV,359,125680
/Users/havenville/mystuff/PhD_R/2023-09-15_Entropy/Demo/backend/downloads/IMG_5114.MOV,360,135616
/Users/havenville/mystuff/PhD_R/2023-09-15_Entropy/Demo/backend/downloads/IMG_5114.MOV,361,598976
/Users/havenville/mystuff/PhD_R/2023-09-15_Entropy/Demo/backend/downloads/IMG_5114.MOV,362,257400
/Users/havenville/mystuff/PhD_R/2023-09-15_Entropy/Demo/backend/downloads/IMG_5114.MOV,363,129608
/Users/havenville/mystuff/PhD_R/2023-09-15_Entropy/Demo/backend/downloads/IMG_5114.MOV,364,143576
/Users/havenville/mystuff/PhD_R/2023-09-15_Entropy/Demo/backend/downloads/IMG_5114.MOV,365,570352
/Users/havenville/mystuff/PhD_R/2023-09-15_Entropy/Demo/backend/downloads/IMG_5114.MOV,366,266800
/Users/havenville/mystuff/PhD_R/2023-09-15_Entropy/Demo/backend/downloads/IMG_5114.MOV,367,144576
/Users/havenville/mystuff/PhD_R/2023-09-15_Entropy/Demo/backend/downloads/IMG_5114.MOV,368,139392
/Users/havenville/mystuff/PhD_R/2023-09-15_Entropy/Demo/backend/downloads/IMG_5114.MOV,369,583384
/Users/havenville/mystuff/PhD_R/2023-09-15_Entropy/Demo/backend/downloads/IMG_5114.MOV,370,252152
/Users/havenville/mystuff/PhD_R/2023-09-15_Entropy/Demo/backend/downloads/IMG_5114.MOV,371,133472
/Users/havenville/mystuff/PhD_R/2023-09-15_Entropy/Demo/backend/downloads/IMG_5114.MOV,372,145968
/Users/havenville/mystuff/PhD_R/2023-09-15_Entropy/Demo/backend/downloads/IMG_5114.MOV,373,560168
/Users/havenville/mystuff/PhD_R/2023-09-15_Entropy/Demo/backend/downloads/IMG_5114.MOV,374,254752
/Users/havenville/mystuff/PhD_R/2023-09-15_Entropy/Demo/backend/downloads/IMG_5114.MOV,375,138448
/Users/havenville/mystuff/PhD_R/2023-09-15_Entropy/Demo/backend/downloads/IMG_5114.MOV,376,138136
/Users/havenville/mystuff/PhD_R/2023-09-15_Entropy/Demo/backend/downloads/IMG_5114.MOV,377,567328
/Users/havenville/mystuff/PhD_R/2023-09-15_Entropy/Demo/backend/downloads/IMG_5114.MOV,378,238888
/Users/havenville/mystuff/PhD_R/2023-09-15_Entropy/Demo/backend/downloads/IMG_5114.MOV,379,130952
/Users/havenville/mystuff/PhD_R/2023-09-15_Entropy/Demo/backend/downloads/IMG_5114.MOV,380,148640
/Users/havenville/mystuff/PhD_R/2023-09-15_Entropy/Demo/backend/downloads/IMG_5114.MOV,381,947072
/Users/havenville/mystuff/PhD_R/2023-09-15_Entropy/Demo/backend/downloads/IMG_5114.MOV,382,278936
/Users/havenville/mystuff/PhD_R/2023-09-15_Entropy/Demo/backend/downloads/IMG_5114.MOV,383,139848
/Users/havenville/mystuff/PhD_R/2023-09-15_Entropy/Demo/backend/downloads/IMG_5114.MOV,384,128848
/Users/havenville/mystuff/PhD_R/2023-09-15_Entropy/Demo/backend/downloads/IMG_5114.MOV,385,590456
/Users/havenville/mystuff/PhD_R/2023-09-15_Entropy/Demo/backend/downloads/IMG_5114.MOV,386,240184
/Users/havenville/mystuff/PhD_R/2023-09-15_Entropy/Demo/backend/downloads/IMG_5114.MOV,387,121840
/Users/havenville/mystuff/PhD_R/2023-09-15_Entropy/Demo/backend/downloads/IMG_5114.MOV,388,140880
/Users/havenville/mystuff/PhD_R/2023-09-15_Entropy/Demo/backend/downloads/IMG_5114.MOV,389,580200
/Users/havenville/mystuff/PhD_R/2023-09-15_Entropy/Demo/backend/downloads/IMG_5114.MOV,390,251304
/Users/havenville/mystuff/PhD_R/2023-09-15_Entropy/Demo/backend/downloads/IMG_5114.MOV,391,128432
/Users/havenville/mystuff/PhD_R/2023-09-15_Entropy/Demo/backend/downloads/IMG_5114.MOV,392,148688
/Users/havenville/mystuff/PhD_R/2023-09-15_Entropy/Demo/backend/downloads/IMG_5114.MOV,393,580544
/Users/havenville/mystuff/PhD_R/2023-09-15_Entropy/Demo/backend/downloads/IMG_5114.MOV,394,250632
/Users/havenville/mystuff/PhD_R/2023-09-15_Entropy/Demo/backend/downloads/IMG_5114.MOV,395,147272
/Users/havenville/mystuff/PhD_R/2023-09-15_Entropy/Demo/backend/downloads/IMG_5114.MOV,396,157832
/Users/havenville/mystuff/PhD_R/2023-09-15_Entropy/Demo/backend/downloads/IMG_5114.MOV,397,511408
/Users/havenville/mystuff/PhD_R/2023-09-15_Entropy/Demo/backend/downloads/IMG_5114.MOV,398,250576
/Users/havenville/mystuff/PhD_R/2023-09-15_Entropy/Demo/backend/downloads/IMG_5114.MOV,399,142408
/Users/havenville/mystuff/PhD_R/2023-09-15_Entropy/Demo/backend/downloads/IMG_5114.MOV,400,152640
/Users/havenville/mystuff/PhD_R/2023-09-15_Entropy/Demo/backend/downloads/IMG_5114.MOV,401,554688
/Users/havenville/mystuff/PhD_R/2023-09-15_Entropy/Demo/backend/downloads/IMG_5114.MOV,402,254336
/Users/havenville/mystuff/PhD_R/2023-09-15_Entropy/Demo/backend/downloads/IMG_5114.MOV,403,151776
/Users/havenville/mystuff/PhD_R/2023-09-15_Entropy/Demo/backend/downloads/IMG_5114.MOV,404,152760
/Users/havenville/mystuff/PhD_R/2023-09-15_Entropy/Demo/backend/downloads/IMG_5114.MOV,405,547792
/Users/havenville/mystuff/PhD_R/2023-09-15_Entropy/Demo/backend/downloads/IMG_5114.MOV,406,244288
/Users/havenville/mystuff/PhD_R/2023-09-15_Entropy/Demo/backend/downloads/IMG_5114.MOV,407,137096
/Users/havenville/mystuff/PhD_R/2023-09-15_Entropy/Demo/backend/downloads/IMG_5114.MOV,408,151600
/Users/havenville/mystuff/PhD_R/2023-09-15_Entropy/Demo/backend/downloads/IMG_5114.MOV,409,554872
/Users/havenville/mystuff/PhD_R/2023-09-15_Entropy/Demo/backend/downloads/IMG_5114.MOV,410,254064
/Users/havenville/mystuff/PhD_R/2023-09-15_Entropy/Demo/backend/downloads/IMG_5114.MOV,411,152168
/Users/havenville/mystuff/PhD_R/2023-09-15_Entropy/Demo/backend/downloads/IMG_5114.MOV,412,153544
/Users/havenville/mystuff/PhD_R/2023-09-15_Entropy/Demo/backend/downloads/IMG_5114.MOV,413,919032
/Users/havenville/mystuff/PhD_R/2023-09-15_Entropy/Demo/backend/downloads/IMG_5114.MOV,414,242448
/Users/havenville/mystuff/PhD_R/2023-09-15_Entropy/Demo/backend/downloads/IMG_5114.MOV,415,151504
/Users/havenville/mystuff/PhD_R/2023-09-15_Entropy/Demo/backend/downloads/IMG_5114.MOV,416,156376
/Users/havenville/mystuff/PhD_R/2023-09-15_Entropy/Demo/backend/downloads/IMG_5114.MOV,417,555000
/Users/havenville/mystuff/PhD_R/2023-09-15_Entropy/Demo/backend/downloads/IMG_5114.MOV,418,245376
/Users/havenville/mystuff/PhD_R/2023-09-15_Entropy/Demo/backend/downloads/IMG_5114.MOV,419,142752
/Users/havenville/mystuff/PhD_R/2023-09-15_Entropy/Demo/backend/downloads/IMG_5114.MOV,420,154264
/Users/havenville/mystuff/PhD_R/2023-09-15_Entropy/Demo/backend/downloads/IMG_5114.MOV,421,510088
/Users/havenville/mystuff/PhD_R/2023-09-15_Entropy/Demo/backend/downloads/IMG_5114.MOV,422,253416
/Users/havenville/mystuff/PhD_R/2023-09-15_Entropy/Demo/backend/downloads/IMG_5114.MOV,423,145816
/Users/havenville/mystuff/PhD_R/2023-09-15_Entropy/Demo/backend/downloads/IMG_5114.MOV,424,155600
/Users/havenville/mystuff/PhD_R/2023-09-15_Entropy/Demo/backend/downloads/IMG_5114.MOV,425,505368
/Users/havenville/mystuff/PhD_R/2023-09-15_Entropy/Demo/backend/downloads/IMG_5114.MOV,426,256288
/Users/havenville/mystuff/PhD_R/2023-09-15_Entropy/Demo/backend/downloads/IMG_5114.MOV,427,156920
/Users/havenville/mystuff/PhD_R/2023-09-15_Entropy/Demo/backend/downloads/IMG_5114.MOV,428,154448
/Users/havenville/mystuff/PhD_R/2023-09-15_Entropy/Demo/backend/downloads/IMG_5114.MOV,429,507096
/Users/havenville/mystuff/PhD_R/2023-09-15_Entropy/Demo/backend/downloads/IMG_5114.MOV,430,262432
/Users/havenville/mystuff/PhD_R/2023-09-15_Entropy/Demo/backend/downloads/IMG_5114.MOV,431,152960
/Users/havenville/mystuff/PhD_R/2023-09-15_Entropy/Demo/backend/downloads/IMG_5114.MOV,432,160768
/Users/havenville/mystuff/PhD_R/2023-09-15_Entropy/Demo/backend/downloads/IMG_5114.MOV,433,519000
/Users/havenville/mystuff/PhD_R/2023-09-15_Entropy/Demo/backend/downloads/IMG_5114.MOV,434,255584
/Users/havenville/mystuff/PhD_R/2023-09-15_Entropy/Demo/backend/downloads/IMG_5114.MOV,435,156000
/Users/havenville/mystuff/PhD_R/2023-09-15_Entropy/Demo/backend/downloads/IMG_5114.MOV,436,151744
/Users/havenville/mystuff/PhD_R/2023-09-15_Entropy/Demo/backend/downloads/IMG_5114.MOV,437,520152
/Users/havenville/mystuff/PhD_R/2023-09-15_Entropy/Demo/backend/downloads/IMG_5114.MOV,438,255160
/Users/havenville/mystuff/PhD_R/2023-09-15_Entropy/Demo/backend/downloads/IMG_5114.MOV,439,149240
/Users/havenville/mystuff/PhD_R/2023-09-15_Entropy/Demo/backend/downloads/IMG_5114.MOV,440,166432
/Users/havenville/mystuff/PhD_R/2023-09-15_Entropy/Demo/backend/downloads/IMG_5114.MOV,441,506544
/Users/havenville/mystuff/PhD_R/2023-09-15_Entropy/Demo/backend/downloads/IMG_5114.MOV,442,263768
/Users/havenville/mystuff/PhD_R/2023-09-15_Entropy/Demo/backend/downloads/IMG_5114.MOV,443,160752
/Users/havenville/mystuff/PhD_R/2023-09-15_Entropy/Demo/backend/downloads/IMG_5114.MOV,444,163008
/Users/havenville/mystuff/PhD_R/2023-09-15_Entropy/Demo/backend/downloads/IMG_5114.MOV,445,947832
/Users/havenville/mystuff/PhD_R/2023-09-15_Entropy/Demo/backend/downloads/IMG_5114.MOV,446,251848
/Users/havenville/mystuff/PhD_R/2023-09-15_Entropy/Demo/backend/downloads/IMG_5114.MOV,447,154016
/Users/havenville/mystuff/PhD_R/2023-09-15_Entropy/Demo/backend/downloads/IMG_5114.MOV,448,155880
/Users/havenville/mystuff/PhD_R/2023-09-15_Entropy/Demo/backend/downloads/IMG_5114.MOV,449,518976
/Users/havenville/mystuff/PhD_R/2023-09-15_Entropy/Demo/backend/downloads/IMG_5114.MOV,450,271864
/Users/havenville/mystuff/PhD_R/2023-09-15_Entropy/Demo/backend/downloads/IMG_5114.MOV,451,115488
/Users/havenville/mystuff/PhD_R/2023-09-15_Entropy/Demo/backend/downloads/IMG_5114.MOV,452,167408
/Users/havenville/mystuff/PhD_R/2023-09-15_Entropy/Demo/backend/downloads/IMG_5114.MOV,453,510992
/Users/havenville/mystuff/PhD_R/2023-09-15_Entropy/Demo/backend/downloads/IMG_5114.MOV,454,270144
/Users/havenville/mystuff/PhD_R/2023-09-15_Entropy/Demo/backend/downloads/IMG_5114.MOV,455,123752
/Users/havenville/mystuff/PhD_R/2023-09-15_Entropy/Demo/backend/downloads/IMG_5114.MOV,456,169264
/Users/havenville/mystuff/PhD_R/2023-09-15_Entropy/Demo/backend/downloads/IMG_5114.MOV,457,498648
/Users/havenville/mystuff/PhD_R/2023-09-15_Entropy/Demo/backend/downloads/IMG_5114.MOV,458,271304
/Users/havenville/mystuff/PhD_R/2023-09-15_Entropy/Demo/backend/downloads/IMG_5114.MOV,459,117552
/Users/havenville/mystuff/PhD_R/2023-09-15_Entropy/Demo/backend/downloads/IMG_5114.MOV,460,150712
/Users/havenville/mystuff/PhD_R/2023-09-15_Entropy/Demo/backend/downloads/IMG_5114.MOV,461,505872
/Users/havenville/mystuff/PhD_R/2023-09-15_Entropy/Demo/backend/downloads/IMG_5114.MOV,462,271480
/Users/havenville/mystuff/PhD_R/2023-09-15_Entropy/Demo/backend/downloads/IMG_5114.MOV,463,151792
/Users/havenville/mystuff/PhD_R/2023-09-15_Entropy/Demo/backend/downloads/IMG_5114.MOV,464,167296
/Users/havenville/mystuff/PhD_R/2023-09-15_Entropy/Demo/backend/downloads/IMG_5114.MOV,465,503320
/Users/havenville/mystuff/PhD_R/2023-09-15_Entropy/Demo/backend/downloads/IMG_5114.MOV,466,287016
/Users/havenville/mystuff/PhD_R/2023-09-15_Entropy/Demo/backend/downloads/IMG_5114.MOV,467,171536
/Users/havenville/mystuff/PhD_R/2023-09-15_Entropy/Demo/backend/downloads/IMG_5114.MOV,468,177648
/Users/havenville/mystuff/PhD_R/2023-09-15_Entropy/Demo/backend/downloads/IMG_5114.MOV,469,511200
/Users/havenville/mystuff/PhD_R/2023-09-15_Entropy/Demo/backend/downloads/IMG_5114.MOV,470,285184
/Users/havenville/mystuff/PhD_R/2023-09-15_Entropy/Demo/backend/downloads/IMG_5114.MOV,471,133016
/Users/havenville/mystuff/PhD_R/2023-09-15_Entropy/Demo/backend/downloads/IMG_5114.MOV,472,169320
/Users/havenville/mystuff/PhD_R/2023-09-15_Entropy/Demo/backend/downloads/IMG_5114.MOV,473,525952
/Users/havenville/mystuff/PhD_R/2023-09-15_Entropy/Demo/backend/downloads/IMG_5114.MOV,474,280512
/Users/havenville/mystuff/PhD_R/2023-09-15_Entropy/Demo/backend/downloads/IMG_5114.MOV,475,159248
/Users/havenville/mystuff/PhD_R/2023-09-15_Entropy/Demo/backend/downloads/IMG_5114.MOV,476,168400
/Users/havenville/mystuff/PhD_R/2023-09-15_Entropy/Demo/backend/downloads/IMG_5114.MOV,477,887232
/Users/havenville/mystuff/PhD_R/2023-09-15_Entropy/Demo/backend/downloads/IMG_5114.MOV,478,261288
/Users/havenville/mystuff/PhD_R/2023-09-15_Entropy/Demo/backend/downloads/IMG_5114.MOV,479,160864
/Users/havenville/mystuff/PhD_R/2023-09-15_Entropy/Demo/backend/downloads/IMG_5114.MOV,480,150048
/Users/havenville/mystuff/PhD_R/2023-09-15_Entropy/Demo/backend/downloads/IMG_5114.MOV,481,500584
/Users/havenville/mystuff/PhD_R/2023-09-15_Entropy/Demo/backend/downloads/IMG_5114.MOV,482,259888
/Users/havenville/mystuff/PhD_R/2023-09-15_Entropy/Demo/backend/downloads/IMG_5114.MOV,483,121488
/Users/havenville/mystuff/PhD_R/2023-09-15_Entropy/Demo/backend/downloads/IMG_5114.MOV,484,155952
/Users/havenville/mystuff/PhD_R/2023-09-15_Entropy/Demo/backend/downloads/IMG_5114.MOV,485,501480
/Users/havenville/mystuff/PhD_R/2023-09-15_Entropy/Demo/backend/downloads/IMG_5114.MOV,486,258624
/Users/havenville/mystuff/PhD_R/2023-09-15_Entropy/Demo/backend/downloads/IMG_5114.MOV,487,121280
/Users/havenville/mystuff/PhD_R/2023-09-15_Entropy/Demo/backend/downloads/IMG_5114.MOV,488,161864
/Users/havenville/mystuff/PhD_R/2023-09-15_Entropy/Demo/backend/downloads/IMG_5114.MOV,489,507512
/Users/havenville/mystuff/PhD_R/2023-09-15_Entropy/Demo/backend/downloads/IMG_5114.MOV,490,273680
/Users/havenville/mystuff/PhD_R/2023-09-15_Entropy/Demo/backend/downloads/IMG_5114.MOV,491,164704
/Users/havenville/mystuff/PhD_R/2023-09-15_Entropy/Demo/backend/downloads/IMG_5114.MOV,492,155008
/Users/havenville/mystuff/PhD_R/2023-09-15_Entropy/Demo/backend/downloads/IMG_5114.MOV,493,490904
/Users/havenville/mystuff/PhD_R/2023-09-15_Entropy/Demo/backend/downloads/IMG_5114.MOV,494,285760
/Users/havenville/mystuff/PhD_R/2023-09-15_Entropy/Demo/backend/downloads/IMG_5114.MOV,495,159856
/Users/havenville/mystuff/PhD_R/2023-09-15_Entropy/Demo/backend/downloads/IMG_5114.MOV,496,156240
/Users/havenville/mystuff/PhD_R/2023-09-15_Entropy/Demo/backend/downloads/IMG_5114.MOV,497,511288
/Users/havenville/mystuff/PhD_R/2023-09-15_Entropy/Demo/backend/downloads/IMG_5114.MOV,498,270432
/Users/havenville/mystuff/PhD_R/2023-09-15_Entropy/Demo/backend/downloads/IMG_5114.MOV,499,144536
/Users/havenville/mystuff/PhD_R/2023-09-15_Entropy/Demo/backend/downloads/IMG_5114.MOV,500,158248
/Users/havenville/mystuff/PhD_R/2023-09-15_Entropy/Demo/backend/downloads/IMG_5114.MOV,501,507720
/Users/havenville/mystuff/PhD_R/2023-09-15_Entropy/Demo/backend/downloads/IMG_5114.MOV,502,277664
/Users/havenville/mystuff/PhD_R/2023-09-15_Entropy/Demo/backend/downloads/IMG_5114.MOV,503,164848
/Users/havenville/mystuff/PhD_R/2023-09-15_Entropy/Demo/backend/downloads/IMG_5114.MOV,504,166832
/Users/havenville/mystuff/PhD_R/2023-09-15_Entropy/Demo/backend/downloads/IMG_5114.MOV,505,492232
/Users/havenville/mystuff/PhD_R/2023-09-15_Entropy/Demo/backend/downloads/IMG_5114.MOV,506,274896
/Users/havenville/mystuff/PhD_R/2023-09-15_Entropy/Demo/backend/downloads/IMG_5114.MOV,507,161488
/Users/havenville/mystuff/PhD_R/2023-09-15_Entropy/Demo/backend/downloads/IMG_5114.MOV,508,172256
/Users/havenville/mystuff/PhD_R/2023-09-15_Entropy/Demo/backend/downloads/IMG_5114.MOV,509,935776
/Users/havenville/mystuff/PhD_R/2023-09-15_Entropy/Demo/backend/downloads/IMG_5114.MOV,510,253832
/Users/havenville/mystuff/PhD_R/2023-09-15_Entropy/Demo/backend/downloads/IMG_5114.MOV,511,151312
/Users/havenville/mystuff/PhD_R/2023-09-15_Entropy/Demo/backend/downloads/IMG_5114.MOV,512,152376
/Users/havenville/mystuff/PhD_R/2023-09-15_Entropy/Demo/backend/downloads/IMG_5114.MOV,513,496888
/Users/havenville/mystuff/PhD_R/2023-09-15_Entropy/Demo/backend/downloads/IMG_5114.MOV,514,263128
/Users/havenville/mystuff/PhD_R/2023-09-15_Entropy/Demo/backend/downloads/IMG_5114.MOV,515,121952
/Users/havenville/mystuff/PhD_R/2023-09-15_Entropy/Demo/backend/downloads/IMG_5114.MOV,516,160168
/Users/havenville/mystuff/PhD_R/2023-09-15_Entropy/Demo/backend/downloads/IMG_5114.MOV,517,511936
/Users/havenville/mystuff/PhD_R/2023-09-15_Entropy/Demo/backend/downloads/IMG_5114.MOV,518,160760
