/Users/havenville/mystuff/PhD_R/2023-09-15_Entropy/Demo/backend/downloads/MLB2.mp4,0,281992
/Users/havenville/mystuff/PhD_R/2023-09-15_Entropy/Demo/backend/downloads/MLB2.mp4,1,968
/Users/havenville/mystuff/PhD_R/2023-09-15_Entropy/Demo/backend/downloads/MLB2.mp4,2,62616
/Users/havenville/mystuff/PhD_R/2023-09-15_Entropy/Demo/backend/downloads/MLB2.mp4,3,102744
/Users/havenville/mystuff/PhD_R/2023-09-15_Entropy/Demo/backend/downloads/MLB2.mp4,4,39624
/Users/havenville/mystuff/PhD_R/2023-09-15_Entropy/Demo/backend/downloads/MLB2.mp4,5,110448
/Users/havenville/mystuff/PhD_R/2023-09-15_Entropy/Demo/backend/downloads/MLB2.mp4,6,41904
/Users/havenville/mystuff/PhD_R/2023-09-15_Entropy/Demo/backend/downloads/MLB2.mp4,7,41216
/Users/havenville/mystuff/PhD_R/2023-09-15_Entropy/Demo/backend/downloads/MLB2.mp4,8,57424
/Users/havenville/mystuff/PhD_R/2023-09-15_Entropy/Demo/backend/downloads/MLB2.mp4,9,88104
/Users/havenville/mystuff/PhD_R/2023-09-15_Entropy/Demo/backend/downloads/MLB2.mp4,10,44016
/Users/havenville/mystuff/PhD_R/2023-09-15_Entropy/Demo/backend/downloads/MLB2.mp4,11,75784
/Users/havenville/mystuff/PhD_R/2023-09-15_Entropy/Demo/backend/downloads/MLB2.mp4,12,91624
/Users/havenville/mystuff/PhD_R/2023-09-15_Entropy/Demo/backend/downloads/MLB2.mp4,13,59264
/Users/havenville/mystuff/PhD_R/2023-09-15_Entropy/Demo/backend/downloads/MLB2.mp4,14,74520
/Users/havenville/mystuff/PhD_R/2023-09-15_Entropy/Demo/backend/downloads/MLB2.mp4,15,87616
/Users/havenville/mystuff/PhD_R/2023-09-15_Entropy/Demo/backend/downloads/MLB2.mp4,16,48224
/Users/havenville/mystuff/PhD_R/2023-09-15_Entropy/Demo/backend/downloads/MLB2.mp4,17,77672
/Users/havenville/mystuff/PhD_R/2023-09-15_Entropy/Demo/backend/downloads/MLB2.mp4,18,45936
/Users/havenville/mystuff/PhD_R/2023-09-15_Entropy/Demo/backend/downloads/MLB2.mp4,19,93800
/Users/havenville/mystuff/PhD_R/2023-09-15_Entropy/Demo/backend/downloads/MLB2.mp4,20,53136
/Users/havenville/mystuff/PhD_R/2023-09-15_Entropy/Demo/backend/downloads/MLB2.mp4,21,105720
/Users/havenville/mystuff/PhD_R/2023-09-15_Entropy/Demo/backend/downloads/MLB2.mp4,22,44640
/Users/havenville/mystuff/PhD_R/2023-09-15_Entropy/Demo/backend/downloads/MLB2.mp4,23,112976
/Users/havenville/mystuff/PhD_R/2023-09-15_Entropy/Demo/backend/downloads/MLB2.mp4,24,34680
/Users/havenville/mystuff/PhD_R/2023-09-15_Entropy/Demo/backend/downloads/MLB2.mp4,25,27912
/Users/havenville/mystuff/PhD_R/2023-09-15_Entropy/Demo/backend/downloads/MLB2.mp4,26,78384
/Users/havenville/mystuff/PhD_R/2023-09-15_Entropy/Demo/backend/downloads/MLB2.mp4,27,23064
/Users/havenville/mystuff/PhD_R/2023-09-15_Entropy/Demo/backend/downloads/MLB2.mp4,28,26120
/Users/havenville/mystuff/PhD_R/2023-09-15_Entropy/Demo/backend/downloads/MLB2.mp4,29,90656
/Users/havenville/mystuff/PhD_R/2023-09-15_Entropy/Demo/backend/downloads/MLB2.mp4,30,33296
/Users/havenville/mystuff/PhD_R/2023-09-15_Entropy/Demo/backend/downloads/MLB2.mp4,31,36384
/Users/havenville/mystuff/PhD_R/2023-09-15_Entropy/Demo/backend/downloads/MLB2.mp4,32,91072
/Users/havenville/mystuff/PhD_R/2023-09-15_Entropy/Demo/backend/downloads/MLB2.mp4,33,38952
/Users/havenville/mystuff/PhD_R/2023-09-15_Entropy/Demo/backend/downloads/MLB2.mp4,34,41320
/Users/havenville/mystuff/PhD_R/2023-09-15_Entropy/Demo/backend/downloads/MLB2.mp4,35,117424
/Users/havenville/mystuff/PhD_R/2023-09-15_Entropy/Demo/backend/downloads/MLB2.mp4,36,41720
/Users/havenville/mystuff/PhD_R/2023-09-15_Entropy/Demo/backend/downloads/MLB2.mp4,37,45392
/Users/havenville/mystuff/PhD_R/2023-09-15_Entropy/Demo/backend/downloads/MLB2.mp4,38,121552
/Users/havenville/mystuff/PhD_R/2023-09-15_Entropy/Demo/backend/downloads/MLB2.mp4,39,45624
/Users/havenville/mystuff/PhD_R/2023-09-15_Entropy/Demo/backend/downloads/MLB2.mp4,40,44704
/Users/havenville/mystuff/PhD_R/2023-09-15_Entropy/Demo/backend/downloads/MLB2.mp4,41,99648
/Users/havenville/mystuff/PhD_R/2023-09-15_Entropy/Demo/backend/downloads/MLB2.mp4,42,42888
/Users/havenville/mystuff/PhD_R/2023-09-15_Entropy/Demo/backend/downloads/MLB2.mp4,43,102928
/Users/havenville/mystuff/PhD_R/2023-09-15_Entropy/Demo/backend/downloads/MLB2.mp4,44,44056
/Users/havenville/mystuff/PhD_R/2023-09-15_Entropy/Demo/backend/downloads/MLB2.mp4,45,110752
/Users/havenville/mystuff/PhD_R/2023-09-15_Entropy/Demo/backend/downloads/MLB2.mp4,46,41560
/Users/havenville/mystuff/PhD_R/2023-09-15_Entropy/Demo/backend/downloads/MLB2.mp4,47,128912
/Users/havenville/mystuff/PhD_R/2023-09-15_Entropy/Demo/backend/downloads/MLB2.mp4,48,45336
/Users/havenville/mystuff/PhD_R/2023-09-15_Entropy/Demo/backend/downloads/MLB2.mp4,49,42656
/Users/havenville/mystuff/PhD_R/2023-09-15_Entropy/Demo/backend/downloads/MLB2.mp4,50,106328
/Users/havenville/mystuff/PhD_R/2023-09-15_Entropy/Demo/backend/downloads/MLB2.mp4,51,37480
/Users/havenville/mystuff/PhD_R/2023-09-15_Entropy/Demo/backend/downloads/MLB2.mp4,52,38272
/Users/havenville/mystuff/PhD_R/2023-09-15_Entropy/Demo/backend/downloads/MLB2.mp4,53,65768
/Users/havenville/mystuff/PhD_R/2023-09-15_Entropy/Demo/backend/downloads/MLB2.mp4,54,116920
/Users/havenville/mystuff/PhD_R/2023-09-15_Entropy/Demo/backend/downloads/MLB2.mp4,55,35896
/Users/havenville/mystuff/PhD_R/2023-09-15_Entropy/Demo/backend/downloads/MLB2.mp4,56,113712
/Users/havenville/mystuff/PhD_R/2023-09-15_Entropy/Demo/backend/downloads/MLB2.mp4,57,42528
/Users/havenville/mystuff/PhD_R/2023-09-15_Entropy/Demo/backend/downloads/MLB2.mp4,58,43552
/Users/havenville/mystuff/PhD_R/2023-09-15_Entropy/Demo/backend/downloads/MLB2.mp4,59,111712
/Users/havenville/mystuff/PhD_R/2023-09-15_Entropy/Demo/backend/downloads/MLB2.mp4,60,37888
/Users/havenville/mystuff/PhD_R/2023-09-15_Entropy/Demo/backend/downloads/MLB2.mp4,61,32400
/Users/havenville/mystuff/PhD_R/2023-09-15_Entropy/Demo/backend/downloads/MLB2.mp4,62,102064
/Users/havenville/mystuff/PhD_R/2023-09-15_Entropy/Demo/backend/downloads/MLB2.mp4,63,26152
/Users/havenville/mystuff/PhD_R/2023-09-15_Entropy/Demo/backend/downloads/MLB2.mp4,64,26072
/Users/havenville/mystuff/PhD_R/2023-09-15_Entropy/Demo/backend/downloads/MLB2.mp4,65,98424
/Users/havenville/mystuff/PhD_R/2023-09-15_Entropy/Demo/backend/downloads/MLB2.mp4,66,26808
/Users/havenville/mystuff/PhD_R/2023-09-15_Entropy/Demo/backend/downloads/MLB2.mp4,67,25728
/Users/havenville/mystuff/PhD_R/2023-09-15_Entropy/Demo/backend/downloads/MLB2.mp4,68,62720
/Users/havenville/mystuff/PhD_R/2023-09-15_Entropy/Demo/backend/downloads/MLB2.mp4,69,95024
/Users/havenville/mystuff/PhD_R/2023-09-15_Entropy/Demo/backend/downloads/MLB2.mp4,70,29400
/Users/havenville/mystuff/PhD_R/2023-09-15_Entropy/Demo/backend/downloads/MLB2.mp4,71,102192
/Users/havenville/mystuff/PhD_R/2023-09-15_Entropy/Demo/backend/downloads/MLB2.mp4,72,32912
/Users/havenville/mystuff/PhD_R/2023-09-15_Entropy/Demo/backend/downloads/MLB2.mp4,73,33592
/Users/havenville/mystuff/PhD_R/2023-09-15_Entropy/Demo/backend/downloads/MLB2.mp4,74,97496
/Users/havenville/mystuff/PhD_R/2023-09-15_Entropy/Demo/backend/downloads/MLB2.mp4,75,35800
/Users/havenville/mystuff/PhD_R/2023-09-15_Entropy/Demo/backend/downloads/MLB2.mp4,76,35336
/Users/havenville/mystuff/PhD_R/2023-09-15_Entropy/Demo/backend/downloads/MLB2.mp4,77,104864
/Users/havenville/mystuff/PhD_R/2023-09-15_Entropy/Demo/backend/downloads/MLB2.mp4,78,37152
/Users/havenville/mystuff/PhD_R/2023-09-15_Entropy/Demo/backend/downloads/MLB2.mp4,79,34720
/Users/havenville/mystuff/PhD_R/2023-09-15_Entropy/Demo/backend/downloads/MLB2.mp4,80,90008
/Users/havenville/mystuff/PhD_R/2023-09-15_Entropy/Demo/backend/downloads/MLB2.mp4,81,27320
/Users/havenville/mystuff/PhD_R/2023-09-15_Entropy/Demo/backend/downloads/MLB2.mp4,82,22432
/Users/havenville/mystuff/PhD_R/2023-09-15_Entropy/Demo/backend/downloads/MLB2.mp4,83,87600
/Users/havenville/mystuff/PhD_R/2023-09-15_Entropy/Demo/backend/downloads/MLB2.mp4,84,24544
/Users/havenville/mystuff/PhD_R/2023-09-15_Entropy/Demo/backend/downloads/MLB2.mp4,85,22944
/Users/havenville/mystuff/PhD_R/2023-09-15_Entropy/Demo/backend/downloads/MLB2.mp4,86,82480
/Users/havenville/mystuff/PhD_R/2023-09-15_Entropy/Demo/backend/downloads/MLB2.mp4,87,24856
/Users/havenville/mystuff/PhD_R/2023-09-15_Entropy/Demo/backend/downloads/MLB2.mp4,88,24384
/Users/havenville/mystuff/PhD_R/2023-09-15_Entropy/Demo/backend/downloads/MLB2.mp4,89,65344
/Users/havenville/mystuff/PhD_R/2023-09-15_Entropy/Demo/backend/downloads/MLB2.mp4,90,22104
/Users/havenville/mystuff/PhD_R/2023-09-15_Entropy/Demo/backend/downloads/MLB2.mp4,91,88920
/Users/havenville/mystuff/PhD_R/2023-09-15_Entropy/Demo/backend/downloads/MLB2.mp4,92,80160
/Users/havenville/mystuff/PhD_R/2023-09-15_Entropy/Demo/backend/downloads/MLB2.mp4,93,23368
/Users/havenville/mystuff/PhD_R/2023-09-15_Entropy/Demo/backend/downloads/MLB2.mp4,94,20632
/Users/havenville/mystuff/PhD_R/2023-09-15_Entropy/Demo/backend/downloads/MLB2.mp4,95,78296
/Users/havenville/mystuff/PhD_R/2023-09-15_Entropy/Demo/backend/downloads/MLB2.mp4,96,24760
/Users/havenville/mystuff/PhD_R/2023-09-15_Entropy/Demo/backend/downloads/MLB2.mp4,97,23056
/Users/havenville/mystuff/PhD_R/2023-09-15_Entropy/Demo/backend/downloads/MLB2.mp4,98,75808
/Users/havenville/mystuff/PhD_R/2023-09-15_Entropy/Demo/backend/downloads/MLB2.mp4,99,25808
/Users/havenville/mystuff/PhD_R/2023-09-15_Entropy/Demo/backend/downloads/MLB2.mp4,100,26552
/Users/havenville/mystuff/PhD_R/2023-09-15_Entropy/Demo/backend/downloads/MLB2.mp4,101,78760
/Users/havenville/mystuff/PhD_R/2023-09-15_Entropy/Demo/backend/downloads/MLB2.mp4,102,29904
/Users/havenville/mystuff/PhD_R/2023-09-15_Entropy/Demo/backend/downloads/MLB2.mp4,103,27920
/Users/havenville/mystuff/PhD_R/2023-09-15_Entropy/Demo/backend/downloads/MLB2.mp4,104,42256
/Users/havenville/mystuff/PhD_R/2023-09-15_Entropy/Demo/backend/downloads/MLB2.mp4,105,83256
/Users/havenville/mystuff/PhD_R/2023-09-15_Entropy/Demo/backend/downloads/MLB2.mp4,106,151064
/Users/havenville/mystuff/PhD_R/2023-09-15_Entropy/Demo/backend/downloads/MLB2.mp4,107,174528
/Users/havenville/mystuff/PhD_R/2023-09-15_Entropy/Demo/backend/downloads/MLB2.mp4,108,326744
/Users/havenville/mystuff/PhD_R/2023-09-15_Entropy/Demo/backend/downloads/MLB2.mp4,109,215880
/Users/havenville/mystuff/PhD_R/2023-09-15_Entropy/Demo/backend/downloads/MLB2.mp4,110,403144
/Users/havenville/mystuff/PhD_R/2023-09-15_Entropy/Demo/backend/downloads/MLB2.mp4,111,61792
/Users/havenville/mystuff/PhD_R/2023-09-15_Entropy/Demo/backend/downloads/MLB2.mp4,112,54280
/Users/havenville/mystuff/PhD_R/2023-09-15_Entropy/Demo/backend/downloads/MLB2.mp4,113,133056
/Users/havenville/mystuff/PhD_R/2023-09-15_Entropy/Demo/backend/downloads/MLB2.mp4,114,19616
/Users/havenville/mystuff/PhD_R/2023-09-15_Entropy/Demo/backend/downloads/MLB2.mp4,115,20352
/Users/havenville/mystuff/PhD_R/2023-09-15_Entropy/Demo/backend/downloads/MLB2.mp4,116,121488
/Users/havenville/mystuff/PhD_R/2023-09-15_Entropy/Demo/backend/downloads/MLB2.mp4,117,20448
/Users/havenville/mystuff/PhD_R/2023-09-15_Entropy/Demo/backend/downloads/MLB2.mp4,118,19696
/Users/havenville/mystuff/PhD_R/2023-09-15_Entropy/Demo/backend/downloads/MLB2.mp4,119,116264
/Users/havenville/mystuff/PhD_R/2023-09-15_Entropy/Demo/backend/downloads/MLB2.mp4,120,20744
/Users/havenville/mystuff/PhD_R/2023-09-15_Entropy/Demo/backend/downloads/MLB2.mp4,121,20496
/Users/havenville/mystuff/PhD_R/2023-09-15_Entropy/Demo/backend/downloads/MLB2.mp4,122,120904
/Users/havenville/mystuff/PhD_R/2023-09-15_Entropy/Demo/backend/downloads/MLB2.mp4,123,23000
/Users/havenville/mystuff/PhD_R/2023-09-15_Entropy/Demo/backend/downloads/MLB2.mp4,124,24072
/Users/havenville/mystuff/PhD_R/2023-09-15_Entropy/Demo/backend/downloads/MLB2.mp4,125,121832
/Users/havenville/mystuff/PhD_R/2023-09-15_Entropy/Demo/backend/downloads/MLB2.mp4,126,25120
/Users/havenville/mystuff/PhD_R/2023-09-15_Entropy/Demo/backend/downloads/MLB2.mp4,127,25264
/Users/havenville/mystuff/PhD_R/2023-09-15_Entropy/Demo/backend/downloads/MLB2.mp4,128,126440
/Users/havenville/mystuff/PhD_R/2023-09-15_Entropy/Demo/backend/downloads/MLB2.mp4,129,26960
/Users/havenville/mystuff/PhD_R/2023-09-15_Entropy/Demo/backend/downloads/MLB2.mp4,130,25104
/Users/havenville/mystuff/PhD_R/2023-09-15_Entropy/Demo/backend/downloads/MLB2.mp4,131,113216
/Users/havenville/mystuff/PhD_R/2023-09-15_Entropy/Demo/backend/downloads/MLB2.mp4,132,26760
/Users/havenville/mystuff/PhD_R/2023-09-15_Entropy/Demo/backend/downloads/MLB2.mp4,133,24832
/Users/havenville/mystuff/PhD_R/2023-09-15_Entropy/Demo/backend/downloads/MLB2.mp4,134,124856
/Users/havenville/mystuff/PhD_R/2023-09-15_Entropy/Demo/backend/downloads/MLB2.mp4,135,27432
/Users/havenville/mystuff/PhD_R/2023-09-15_Entropy/Demo/backend/downloads/MLB2.mp4,136,27672
/Users/havenville/mystuff/PhD_R/2023-09-15_Entropy/Demo/backend/downloads/MLB2.mp4,137,129480
/Users/havenville/mystuff/PhD_R/2023-09-15_Entropy/Demo/backend/downloads/MLB2.mp4,138,28592
/Users/havenville/mystuff/PhD_R/2023-09-15_Entropy/Demo/backend/downloads/MLB2.mp4,139,23072
/Users/havenville/mystuff/PhD_R/2023-09-15_Entropy/Demo/backend/downloads/MLB2.mp4,140,101768
/Users/havenville/mystuff/PhD_R/2023-09-15_Entropy/Demo/backend/downloads/MLB2.mp4,141,25992
/Users/havenville/mystuff/PhD_R/2023-09-15_Entropy/Demo/backend/downloads/MLB2.mp4,142,25584
/Users/havenville/mystuff/PhD_R/2023-09-15_Entropy/Demo/backend/downloads/MLB2.mp4,143,120920
/Users/havenville/mystuff/PhD_R/2023-09-15_Entropy/Demo/backend/downloads/MLB2.mp4,144,30336
/Users/havenville/mystuff/PhD_R/2023-09-15_Entropy/Demo/backend/downloads/MLB2.mp4,145,33320
/Users/havenville/mystuff/PhD_R/2023-09-15_Entropy/Demo/backend/downloads/MLB2.mp4,146,117320
/Users/havenville/mystuff/PhD_R/2023-09-15_Entropy/Demo/backend/downloads/MLB2.mp4,147,36088
/Users/havenville/mystuff/PhD_R/2023-09-15_Entropy/Demo/backend/downloads/MLB2.mp4,148,42520
/Users/havenville/mystuff/PhD_R/2023-09-15_Entropy/Demo/backend/downloads/MLB2.mp4,149,115056
/Users/havenville/mystuff/PhD_R/2023-09-15_Entropy/Demo/backend/downloads/MLB2.mp4,150,45432
/Users/havenville/mystuff/PhD_R/2023-09-15_Entropy/Demo/backend/downloads/MLB2.mp4,151,49336
/Users/havenville/mystuff/PhD_R/2023-09-15_Entropy/Demo/backend/downloads/MLB2.mp4,152,117296
/Users/havenville/mystuff/PhD_R/2023-09-15_Entropy/Demo/backend/downloads/MLB2.mp4,153,46712
/Users/havenville/mystuff/PhD_R/2023-09-15_Entropy/Demo/backend/downloads/MLB2.mp4,154,43592
/Users/havenville/mystuff/PhD_R/2023-09-15_Entropy/Demo/backend/downloads/MLB2.mp4,155,91296
/Users/havenville/mystuff/PhD_R/2023-09-15_Entropy/Demo/backend/downloads/MLB2.mp4,156,39792
/Users/havenville/mystuff/PhD_R/2023-09-15_Entropy/Demo/backend/downloads/MLB2.mp4,157,80408
/Users/havenville/mystuff/PhD_R/2023-09-15_Entropy/Demo/backend/downloads/MLB2.mp4,158,39320
/Users/havenville/mystuff/PhD_R/2023-09-15_Entropy/Demo/backend/downloads/MLB2.mp4,159,44840
/Users/havenville/mystuff/PhD_R/2023-09-15_Entropy/Demo/backend/downloads/MLB2.mp4,160,510232
/Users/havenville/mystuff/PhD_R/2023-09-15_Entropy/Demo/backend/downloads/MLB2.mp4,161,103504
/Users/havenville/mystuff/PhD_R/2023-09-15_Entropy/Demo/backend/downloads/MLB2.mp4,162,25896
/Users/havenville/mystuff/PhD_R/2023-09-15_Entropy/Demo/backend/downloads/MLB2.mp4,163,28704
/Users/havenville/mystuff/PhD_R/2023-09-15_Entropy/Demo/backend/downloads/MLB2.mp4,164,125304
/Users/havenville/mystuff/PhD_R/2023-09-15_Entropy/Demo/backend/downloads/MLB2.mp4,165,40280
/Users/havenville/mystuff/PhD_R/2023-09-15_Entropy/Demo/backend/downloads/MLB2.mp4,166,43424
/Users/havenville/mystuff/PhD_R/2023-09-15_Entropy/Demo/backend/downloads/MLB2.mp4,167,129496
/Users/havenville/mystuff/PhD_R/2023-09-15_Entropy/Demo/backend/downloads/MLB2.mp4,168,49048
/Users/havenville/mystuff/PhD_R/2023-09-15_Entropy/Demo/backend/downloads/MLB2.mp4,169,49808
/Users/havenville/mystuff/PhD_R/2023-09-15_Entropy/Demo/backend/downloads/MLB2.mp4,170,126648
/Users/havenville/mystuff/PhD_R/2023-09-15_Entropy/Demo/backend/downloads/MLB2.mp4,171,47736
/Users/havenville/mystuff/PhD_R/2023-09-15_Entropy/Demo/backend/downloads/MLB2.mp4,172,119944
/Users/havenville/mystuff/PhD_R/2023-09-15_Entropy/Demo/backend/downloads/MLB2.mp4,173,51120
/Users/havenville/mystuff/PhD_R/2023-09-15_Entropy/Demo/backend/downloads/MLB2.mp4,174,137384
/Users/havenville/mystuff/PhD_R/2023-09-15_Entropy/Demo/backend/downloads/MLB2.mp4,175,55328
/Users/havenville/mystuff/PhD_R/2023-09-15_Entropy/Demo/backend/downloads/MLB2.mp4,176,104168
/Users/havenville/mystuff/PhD_R/2023-09-15_Entropy/Demo/backend/downloads/MLB2.mp4,177,159328
/Users/havenville/mystuff/PhD_R/2023-09-15_Entropy/Demo/backend/downloads/MLB2.mp4,178,55168
/Users/havenville/mystuff/PhD_R/2023-09-15_Entropy/Demo/backend/downloads/MLB2.mp4,179,110064
/Users/havenville/mystuff/PhD_R/2023-09-15_Entropy/Demo/backend/downloads/MLB2.mp4,180,104296
/Users/havenville/mystuff/PhD_R/2023-09-15_Entropy/Demo/backend/downloads/MLB2.mp4,181,129696
/Users/havenville/mystuff/PhD_R/2023-09-15_Entropy/Demo/backend/downloads/MLB2.mp4,182,179128
/Users/havenville/mystuff/PhD_R/2023-09-15_Entropy/Demo/backend/downloads/MLB2.mp4,183,60296
/Users/havenville/mystuff/PhD_R/2023-09-15_Entropy/Demo/backend/downloads/MLB2.mp4,184,100264
/Users/havenville/mystuff/PhD_R/2023-09-15_Entropy/Demo/backend/downloads/MLB2.mp4,185,93176
/Users/havenville/mystuff/PhD_R/2023-09-15_Entropy/Demo/backend/downloads/MLB2.mp4,186,119944
/Users/havenville/mystuff/PhD_R/2023-09-15_Entropy/Demo/backend/downloads/MLB2.mp4,187,90352
/Users/havenville/mystuff/PhD_R/2023-09-15_Entropy/Demo/backend/downloads/MLB2.mp4,188,95064
/Users/havenville/mystuff/PhD_R/2023-09-15_Entropy/Demo/backend/downloads/MLB2.mp4,189,107704
/Users/havenville/mystuff/PhD_R/2023-09-15_Entropy/Demo/backend/downloads/MLB2.mp4,190,84688
/Users/havenville/mystuff/PhD_R/2023-09-15_Entropy/Demo/backend/downloads/MLB2.mp4,191,141376
/Users/havenville/mystuff/PhD_R/2023-09-15_Entropy/Demo/backend/downloads/MLB2.mp4,192,45472
/Users/havenville/mystuff/PhD_R/2023-09-15_Entropy/Demo/backend/downloads/MLB2.mp4,193,77712
/Users/havenville/mystuff/PhD_R/2023-09-15_Entropy/Demo/backend/downloads/MLB2.mp4,194,77080
/Users/havenville/mystuff/PhD_R/2023-09-15_Entropy/Demo/backend/downloads/MLB2.mp4,195,117216
/Users/havenville/mystuff/PhD_R/2023-09-15_Entropy/Demo/backend/downloads/MLB2.mp4,196,52736
/Users/havenville/mystuff/PhD_R/2023-09-15_Entropy/Demo/backend/downloads/MLB2.mp4,197,71600
/Users/havenville/mystuff/PhD_R/2023-09-15_Entropy/Demo/backend/downloads/MLB2.mp4,198,89080
/Users/havenville/mystuff/PhD_R/2023-09-15_Entropy/Demo/backend/downloads/MLB2.mp4,199,100536
/Users/havenville/mystuff/PhD_R/2023-09-15_Entropy/Demo/backend/downloads/MLB2.mp4,200,47272
/Users/havenville/mystuff/PhD_R/2023-09-15_Entropy/Demo/backend/downloads/MLB2.mp4,201,80264
/Users/havenville/mystuff/PhD_R/2023-09-15_Entropy/Demo/backend/downloads/MLB2.mp4,202,73744
/Users/havenville/mystuff/PhD_R/2023-09-15_Entropy/Demo/backend/downloads/MLB2.mp4,203,69592
/Users/havenville/mystuff/PhD_R/2023-09-15_Entropy/Demo/backend/downloads/MLB2.mp4,204,79472
/Users/havenville/mystuff/PhD_R/2023-09-15_Entropy/Demo/backend/downloads/MLB2.mp4,205,98184
/Users/havenville/mystuff/PhD_R/2023-09-15_Entropy/Demo/backend/downloads/MLB2.mp4,206,46272
/Users/havenville/mystuff/PhD_R/2023-09-15_Entropy/Demo/backend/downloads/MLB2.mp4,207,112288
/Users/havenville/mystuff/PhD_R/2023-09-15_Entropy/Demo/backend/downloads/MLB2.mp4,208,52752
/Users/havenville/mystuff/PhD_R/2023-09-15_Entropy/Demo/backend/downloads/MLB2.mp4,209,98448
/Users/havenville/mystuff/PhD_R/2023-09-15_Entropy/Demo/backend/downloads/MLB2.mp4,210,51928
/Users/havenville/mystuff/PhD_R/2023-09-15_Entropy/Demo/backend/downloads/MLB2.mp4,211,83088
/Users/havenville/mystuff/PhD_R/2023-09-15_Entropy/Demo/backend/downloads/MLB2.mp4,212,42744
/Users/havenville/mystuff/PhD_R/2023-09-15_Entropy/Demo/backend/downloads/MLB2.mp4,213,72056
/Users/havenville/mystuff/PhD_R/2023-09-15_Entropy/Demo/backend/downloads/MLB2.mp4,214,88888
/Users/havenville/mystuff/PhD_R/2023-09-15_Entropy/Demo/backend/downloads/MLB2.mp4,215,47856
/Users/havenville/mystuff/PhD_R/2023-09-15_Entropy/Demo/backend/downloads/MLB2.mp4,216,104680
/Users/havenville/mystuff/PhD_R/2023-09-15_Entropy/Demo/backend/downloads/MLB2.mp4,217,54216
/Users/havenville/mystuff/PhD_R/2023-09-15_Entropy/Demo/backend/downloads/MLB2.mp4,218,119552
/Users/havenville/mystuff/PhD_R/2023-09-15_Entropy/Demo/backend/downloads/MLB2.mp4,219,57840
/Users/havenville/mystuff/PhD_R/2023-09-15_Entropy/Demo/backend/downloads/MLB2.mp4,220,85448
/Users/havenville/mystuff/PhD_R/2023-09-15_Entropy/Demo/backend/downloads/MLB2.mp4,221,79288
/Users/havenville/mystuff/PhD_R/2023-09-15_Entropy/Demo/backend/downloads/MLB2.mp4,222,101368
/Users/havenville/mystuff/PhD_R/2023-09-15_Entropy/Demo/backend/downloads/MLB2.mp4,223,87152
/Users/havenville/mystuff/PhD_R/2023-09-15_Entropy/Demo/backend/downloads/MLB2.mp4,224,87624
/Users/havenville/mystuff/PhD_R/2023-09-15_Entropy/Demo/backend/downloads/MLB2.mp4,225,88632
/Users/havenville/mystuff/PhD_R/2023-09-15_Entropy/Demo/backend/downloads/MLB2.mp4,226,70992
/Users/havenville/mystuff/PhD_R/2023-09-15_Entropy/Demo/backend/downloads/MLB2.mp4,227,73408
/Users/havenville/mystuff/PhD_R/2023-09-15_Entropy/Demo/backend/downloads/MLB2.mp4,228,91440
/Users/havenville/mystuff/PhD_R/2023-09-15_Entropy/Demo/backend/downloads/MLB2.mp4,229,80792
/Users/havenville/mystuff/PhD_R/2023-09-15_Entropy/Demo/backend/downloads/MLB2.mp4,230,80744
/Users/havenville/mystuff/PhD_R/2023-09-15_Entropy/Demo/backend/downloads/MLB2.mp4,231,93632
/Users/havenville/mystuff/PhD_R/2023-09-15_Entropy/Demo/backend/downloads/MLB2.mp4,232,75016
/Users/havenville/mystuff/PhD_R/2023-09-15_Entropy/Demo/backend/downloads/MLB2.mp4,233,62072
/Users/havenville/mystuff/PhD_R/2023-09-15_Entropy/Demo/backend/downloads/MLB2.mp4,234,424408
/Users/havenville/mystuff/PhD_R/2023-09-15_Entropy/Demo/backend/downloads/MLB2.mp4,235,85240
/Users/havenville/mystuff/PhD_R/2023-09-15_Entropy/Demo/backend/downloads/MLB2.mp4,236,18984
/Users/havenville/mystuff/PhD_R/2023-09-15_Entropy/Demo/backend/downloads/MLB2.mp4,237,21280
/Users/havenville/mystuff/PhD_R/2023-09-15_Entropy/Demo/backend/downloads/MLB2.mp4,238,110384
/Users/havenville/mystuff/PhD_R/2023-09-15_Entropy/Demo/backend/downloads/MLB2.mp4,239,16336
/Users/havenville/mystuff/PhD_R/2023-09-15_Entropy/Demo/backend/downloads/MLB2.mp4,240,21000
/Users/havenville/mystuff/PhD_R/2023-09-15_Entropy/Demo/backend/downloads/MLB2.mp4,241,106232
/Users/havenville/mystuff/PhD_R/2023-09-15_Entropy/Demo/backend/downloads/MLB2.mp4,242,21720
/Users/havenville/mystuff/PhD_R/2023-09-15_Entropy/Demo/backend/downloads/MLB2.mp4,243,21400
/Users/havenville/mystuff/PhD_R/2023-09-15_Entropy/Demo/backend/downloads/MLB2.mp4,244,110264
/Users/havenville/mystuff/PhD_R/2023-09-15_Entropy/Demo/backend/downloads/MLB2.mp4,245,18168
/Users/havenville/mystuff/PhD_R/2023-09-15_Entropy/Demo/backend/downloads/MLB2.mp4,246,23344
/Users/havenville/mystuff/PhD_R/2023-09-15_Entropy/Demo/backend/downloads/MLB2.mp4,247,117392
/Users/havenville/mystuff/PhD_R/2023-09-15_Entropy/Demo/backend/downloads/MLB2.mp4,248,25616
/Users/havenville/mystuff/PhD_R/2023-09-15_Entropy/Demo/backend/downloads/MLB2.mp4,249,18152
/Users/havenville/mystuff/PhD_R/2023-09-15_Entropy/Demo/backend/downloads/MLB2.mp4,250,137416
/Users/havenville/mystuff/PhD_R/2023-09-15_Entropy/Demo/backend/downloads/MLB2.mp4,251,28144
/Users/havenville/mystuff/PhD_R/2023-09-15_Entropy/Demo/backend/downloads/MLB2.mp4,252,24640
/Users/havenville/mystuff/PhD_R/2023-09-15_Entropy/Demo/backend/downloads/MLB2.mp4,253,145824
/Users/havenville/mystuff/PhD_R/2023-09-15_Entropy/Demo/backend/downloads/MLB2.mp4,254,27568
/Users/havenville/mystuff/PhD_R/2023-09-15_Entropy/Demo/backend/downloads/MLB2.mp4,255,25880
/Users/havenville/mystuff/PhD_R/2023-09-15_Entropy/Demo/backend/downloads/MLB2.mp4,256,145864
/Users/havenville/mystuff/PhD_R/2023-09-15_Entropy/Demo/backend/downloads/MLB2.mp4,257,30192
/Users/havenville/mystuff/PhD_R/2023-09-15_Entropy/Demo/backend/downloads/MLB2.mp4,258,26912
/Users/havenville/mystuff/PhD_R/2023-09-15_Entropy/Demo/backend/downloads/MLB2.mp4,259,134736
/Users/havenville/mystuff/PhD_R/2023-09-15_Entropy/Demo/backend/downloads/MLB2.mp4,260,25336
/Users/havenville/mystuff/PhD_R/2023-09-15_Entropy/Demo/backend/downloads/MLB2.mp4,261,22680
/Users/havenville/mystuff/PhD_R/2023-09-15_Entropy/Demo/backend/downloads/MLB2.mp4,262,123424
/Users/havenville/mystuff/PhD_R/2023-09-15_Entropy/Demo/backend/downloads/MLB2.mp4,263,31392
/Users/havenville/mystuff/PhD_R/2023-09-15_Entropy/Demo/backend/downloads/MLB2.mp4,264,30904
/Users/havenville/mystuff/PhD_R/2023-09-15_Entropy/Demo/backend/downloads/MLB2.mp4,265,139616
/Users/havenville/mystuff/PhD_R/2023-09-15_Entropy/Demo/backend/downloads/MLB2.mp4,266,29312
/Users/havenville/mystuff/PhD_R/2023-09-15_Entropy/Demo/backend/downloads/MLB2.mp4,267,31336
/Users/havenville/mystuff/PhD_R/2023-09-15_Entropy/Demo/backend/downloads/MLB2.mp4,268,113112
/Users/havenville/mystuff/PhD_R/2023-09-15_Entropy/Demo/backend/downloads/MLB2.mp4,269,33232
/Users/havenville/mystuff/PhD_R/2023-09-15_Entropy/Demo/backend/downloads/MLB2.mp4,270,30952
/Users/havenville/mystuff/PhD_R/2023-09-15_Entropy/Demo/backend/downloads/MLB2.mp4,271,115912
/Users/havenville/mystuff/PhD_R/2023-09-15_Entropy/Demo/backend/downloads/MLB2.mp4,272,125160
/Users/havenville/mystuff/PhD_R/2023-09-15_Entropy/Demo/backend/downloads/MLB2.mp4,273,26872
/Users/havenville/mystuff/PhD_R/2023-09-15_Entropy/Demo/backend/downloads/MLB2.mp4,274,31968
/Users/havenville/mystuff/PhD_R/2023-09-15_Entropy/Demo/backend/downloads/MLB2.mp4,275,49352
/Users/havenville/mystuff/PhD_R/2023-09-15_Entropy/Demo/backend/downloads/MLB2.mp4,276,98616
/Users/havenville/mystuff/PhD_R/2023-09-15_Entropy/Demo/backend/downloads/MLB2.mp4,277,27168
/Users/havenville/mystuff/PhD_R/2023-09-15_Entropy/Demo/backend/downloads/MLB2.mp4,278,99792
/Users/havenville/mystuff/PhD_R/2023-09-15_Entropy/Demo/backend/downloads/MLB2.mp4,279,29216
/Users/havenville/mystuff/PhD_R/2023-09-15_Entropy/Demo/backend/downloads/MLB2.mp4,280,28768
/Users/havenville/mystuff/PhD_R/2023-09-15_Entropy/Demo/backend/downloads/MLB2.mp4,281,109832
/Users/havenville/mystuff/PhD_R/2023-09-15_Entropy/Demo/backend/downloads/MLB2.mp4,282,29688
/Users/havenville/mystuff/PhD_R/2023-09-15_Entropy/Demo/backend/downloads/MLB2.mp4,283,55360
/Users/havenville/mystuff/PhD_R/2023-09-15_Entropy/Demo/backend/downloads/MLB2.mp4,284,115464
/Users/havenville/mystuff/PhD_R/2023-09-15_Entropy/Demo/backend/downloads/MLB2.mp4,285,20384
/Users/havenville/mystuff/PhD_R/2023-09-15_Entropy/Demo/backend/downloads/MLB2.mp4,286,73952
/Users/havenville/mystuff/PhD_R/2023-09-15_Entropy/Demo/backend/downloads/MLB2.mp4,287,106040
/Users/havenville/mystuff/PhD_R/2023-09-15_Entropy/Demo/backend/downloads/MLB2.mp4,288,28928
/Users/havenville/mystuff/PhD_R/2023-09-15_Entropy/Demo/backend/downloads/MLB2.mp4,289,26200
/Users/havenville/mystuff/PhD_R/2023-09-15_Entropy/Demo/backend/downloads/MLB2.mp4,290,54152
/Users/havenville/mystuff/PhD_R/2023-09-15_Entropy/Demo/backend/downloads/MLB2.mp4,291,85032
/Users/havenville/mystuff/PhD_R/2023-09-15_Entropy/Demo/backend/downloads/MLB2.mp4,292,25296
/Users/havenville/mystuff/PhD_R/2023-09-15_Entropy/Demo/backend/downloads/MLB2.mp4,293,104328
/Users/havenville/mystuff/PhD_R/2023-09-15_Entropy/Demo/backend/downloads/MLB2.mp4,294,28240
/Users/havenville/mystuff/PhD_R/2023-09-15_Entropy/Demo/backend/downloads/MLB2.mp4,295,25432
/Users/havenville/mystuff/PhD_R/2023-09-15_Entropy/Demo/backend/downloads/MLB2.mp4,296,93288
/Users/havenville/mystuff/PhD_R/2023-09-15_Entropy/Demo/backend/downloads/MLB2.mp4,297,26704
/Users/havenville/mystuff/PhD_R/2023-09-15_Entropy/Demo/backend/downloads/MLB2.mp4,298,23416
/Users/havenville/mystuff/PhD_R/2023-09-15_Entropy/Demo/backend/downloads/MLB2.mp4,299,51592
/Users/havenville/mystuff/PhD_R/2023-09-15_Entropy/Demo/backend/downloads/MLB2.mp4,300,114928
/Users/havenville/mystuff/PhD_R/2023-09-15_Entropy/Demo/backend/downloads/MLB2.mp4,301,27320
/Users/havenville/mystuff/PhD_R/2023-09-15_Entropy/Demo/backend/downloads/MLB2.mp4,302,77936
/Users/havenville/mystuff/PhD_R/2023-09-15_Entropy/Demo/backend/downloads/MLB2.mp4,303,25896
/Users/havenville/mystuff/PhD_R/2023-09-15_Entropy/Demo/backend/downloads/MLB2.mp4,304,23920
/Users/havenville/mystuff/PhD_R/2023-09-15_Entropy/Demo/backend/downloads/MLB2.mp4,305,76624
/Users/havenville/mystuff/PhD_R/2023-09-15_Entropy/Demo/backend/downloads/MLB2.mp4,306,24264
/Users/havenville/mystuff/PhD_R/2023-09-15_Entropy/Demo/backend/downloads/MLB2.mp4,307,22008
/Users/havenville/mystuff/PhD_R/2023-09-15_Entropy/Demo/backend/downloads/MLB2.mp4,308,59352
/Users/havenville/mystuff/PhD_R/2023-09-15_Entropy/Demo/backend/downloads/MLB2.mp4,309,20928
/Users/havenville/mystuff/PhD_R/2023-09-15_Entropy/Demo/backend/downloads/MLB2.mp4,310,18736
/Users/havenville/mystuff/PhD_R/2023-09-15_Entropy/Demo/backend/downloads/MLB2.mp4,311,54080
/Users/havenville/mystuff/PhD_R/2023-09-15_Entropy/Demo/backend/downloads/MLB2.mp4,312,18456
/Users/havenville/mystuff/PhD_R/2023-09-15_Entropy/Demo/backend/downloads/MLB2.mp4,313,19520
/Users/havenville/mystuff/PhD_R/2023-09-15_Entropy/Demo/backend/downloads/MLB2.mp4,314,93496
/Users/havenville/mystuff/PhD_R/2023-09-15_Entropy/Demo/backend/downloads/MLB2.mp4,315,24600
/Users/havenville/mystuff/PhD_R/2023-09-15_Entropy/Demo/backend/downloads/MLB2.mp4,316,30672
/Users/havenville/mystuff/PhD_R/2023-09-15_Entropy/Demo/backend/downloads/MLB2.mp4,317,44400
/Users/havenville/mystuff/PhD_R/2023-09-15_Entropy/Demo/backend/downloads/MLB2.mp4,318,104008
/Users/havenville/mystuff/PhD_R/2023-09-15_Entropy/Demo/backend/downloads/MLB2.mp4,319,33776
/Users/havenville/mystuff/PhD_R/2023-09-15_Entropy/Demo/backend/downloads/MLB2.mp4,320,305232
/Users/havenville/mystuff/PhD_R/2023-09-15_Entropy/Demo/backend/downloads/MLB2.mp4,321,113304
/Users/havenville/mystuff/PhD_R/2023-09-15_Entropy/Demo/backend/downloads/MLB2.mp4,322,114288
/Users/havenville/mystuff/PhD_R/2023-09-15_Entropy/Demo/backend/downloads/MLB2.mp4,323,103848
/Users/havenville/mystuff/PhD_R/2023-09-15_Entropy/Demo/backend/downloads/MLB2.mp4,324,50656
/Users/havenville/mystuff/PhD_R/2023-09-15_Entropy/Demo/backend/downloads/MLB2.mp4,325,52280
/Users/havenville/mystuff/PhD_R/2023-09-15_Entropy/Demo/backend/downloads/MLB2.mp4,326,304232
/Users/havenville/mystuff/PhD_R/2023-09-15_Entropy/Demo/backend/downloads/MLB2.mp4,327,94944
/Users/havenville/mystuff/PhD_R/2023-09-15_Entropy/Demo/backend/downloads/MLB2.mp4,328,39400
/Users/havenville/mystuff/PhD_R/2023-09-15_Entropy/Demo/backend/downloads/MLB2.mp4,329,43424
/Users/havenville/mystuff/PhD_R/2023-09-15_Entropy/Demo/backend/downloads/MLB2.mp4,330,92952
/Users/havenville/mystuff/PhD_R/2023-09-15_Entropy/Demo/backend/downloads/MLB2.mp4,331,39864
/Users/havenville/mystuff/PhD_R/2023-09-15_Entropy/Demo/backend/downloads/MLB2.mp4,332,40952
/Users/havenville/mystuff/PhD_R/2023-09-15_Entropy/Demo/backend/downloads/MLB2.mp4,333,96328
/Users/havenville/mystuff/PhD_R/2023-09-15_Entropy/Demo/backend/downloads/MLB2.mp4,334,39312
/Users/havenville/mystuff/PhD_R/2023-09-15_Entropy/Demo/backend/downloads/MLB2.mp4,335,39136
/Users/havenville/mystuff/PhD_R/2023-09-15_Entropy/Demo/backend/downloads/MLB2.mp4,336,92056
/Users/havenville/mystuff/PhD_R/2023-09-15_Entropy/Demo/backend/downloads/MLB2.mp4,337,40080
/Users/havenville/mystuff/PhD_R/2023-09-15_Entropy/Demo/backend/downloads/MLB2.mp4,338,45096
/Users/havenville/mystuff/PhD_R/2023-09-15_Entropy/Demo/backend/downloads/MLB2.mp4,339,102648
/Users/havenville/mystuff/PhD_R/2023-09-15_Entropy/Demo/backend/downloads/MLB2.mp4,340,40808
/Users/havenville/mystuff/PhD_R/2023-09-15_Entropy/Demo/backend/downloads/MLB2.mp4,341,47744
/Users/havenville/mystuff/PhD_R/2023-09-15_Entropy/Demo/backend/downloads/MLB2.mp4,342,89544
/Users/havenville/mystuff/PhD_R/2023-09-15_Entropy/Demo/backend/downloads/MLB2.mp4,343,42456
/Users/havenville/mystuff/PhD_R/2023-09-15_Entropy/Demo/backend/downloads/MLB2.mp4,344,45592
/Users/havenville/mystuff/PhD_R/2023-09-15_Entropy/Demo/backend/downloads/MLB2.mp4,345,93208
/Users/havenville/mystuff/PhD_R/2023-09-15_Entropy/Demo/backend/downloads/MLB2.mp4,346,37808
/Users/havenville/mystuff/PhD_R/2023-09-15_Entropy/Demo/backend/downloads/MLB2.mp4,347,83520
/Users/havenville/mystuff/PhD_R/2023-09-15_Entropy/Demo/backend/downloads/MLB2.mp4,348,38264
/Users/havenville/mystuff/PhD_R/2023-09-15_Entropy/Demo/backend/downloads/MLB2.mp4,349,79752
/Users/havenville/mystuff/PhD_R/2023-09-15_Entropy/Demo/backend/downloads/MLB2.mp4,350,41560
/Users/havenville/mystuff/PhD_R/2023-09-15_Entropy/Demo/backend/downloads/MLB2.mp4,351,97936
/Users/havenville/mystuff/PhD_R/2023-09-15_Entropy/Demo/backend/downloads/MLB2.mp4,352,42840
/Users/havenville/mystuff/PhD_R/2023-09-15_Entropy/Demo/backend/downloads/MLB2.mp4,353,41584
/Users/havenville/mystuff/PhD_R/2023-09-15_Entropy/Demo/backend/downloads/MLB2.mp4,354,63200
/Users/havenville/mystuff/PhD_R/2023-09-15_Entropy/Demo/backend/downloads/MLB2.mp4,355,77816
/Users/havenville/mystuff/PhD_R/2023-09-15_Entropy/Demo/backend/downloads/MLB2.mp4,356,39216
/Users/havenville/mystuff/PhD_R/2023-09-15_Entropy/Demo/backend/downloads/MLB2.mp4,357,60288
/Users/havenville/mystuff/PhD_R/2023-09-15_Entropy/Demo/backend/downloads/MLB2.mp4,358,78952
/Users/havenville/mystuff/PhD_R/2023-09-15_Entropy/Demo/backend/downloads/MLB2.mp4,359,39640
/Users/havenville/mystuff/PhD_R/2023-09-15_Entropy/Demo/backend/downloads/MLB2.mp4,360,86816
/Users/havenville/mystuff/PhD_R/2023-09-15_Entropy/Demo/backend/downloads/MLB2.mp4,361,36720
/Users/havenville/mystuff/PhD_R/2023-09-15_Entropy/Demo/backend/downloads/MLB2.mp4,362,75176
/Users/havenville/mystuff/PhD_R/2023-09-15_Entropy/Demo/backend/downloads/MLB2.mp4,363,37512
/Users/havenville/mystuff/PhD_R/2023-09-15_Entropy/Demo/backend/downloads/MLB2.mp4,364,58104
/Users/havenville/mystuff/PhD_R/2023-09-15_Entropy/Demo/backend/downloads/MLB2.mp4,365,83928
/Users/havenville/mystuff/PhD_R/2023-09-15_Entropy/Demo/backend/downloads/MLB2.mp4,366,40184
/Users/havenville/mystuff/PhD_R/2023-09-15_Entropy/Demo/backend/downloads/MLB2.mp4,367,59368
/Users/havenville/mystuff/PhD_R/2023-09-15_Entropy/Demo/backend/downloads/MLB2.mp4,368,99016
/Users/havenville/mystuff/PhD_R/2023-09-15_Entropy/Demo/backend/downloads/MLB2.mp4,369,46104
/Users/havenville/mystuff/PhD_R/2023-09-15_Entropy/Demo/backend/downloads/MLB2.mp4,370,40648
/Users/havenville/mystuff/PhD_R/2023-09-15_Entropy/Demo/backend/downloads/MLB2.mp4,371,97168
/Users/havenville/mystuff/PhD_R/2023-09-15_Entropy/Demo/backend/downloads/MLB2.mp4,372,40912
/Users/havenville/mystuff/PhD_R/2023-09-15_Entropy/Demo/backend/downloads/MLB2.mp4,373,57064
/Users/havenville/mystuff/PhD_R/2023-09-15_Entropy/Demo/backend/downloads/MLB2.mp4,374,98624
/Users/havenville/mystuff/PhD_R/2023-09-15_Entropy/Demo/backend/downloads/MLB2.mp4,375,37736
/Users/havenville/mystuff/PhD_R/2023-09-15_Entropy/Demo/backend/downloads/MLB2.mp4,376,56152
/Users/havenville/mystuff/PhD_R/2023-09-15_Entropy/Demo/backend/downloads/MLB2.mp4,377,86480
/Users/havenville/mystuff/PhD_R/2023-09-15_Entropy/Demo/backend/downloads/MLB2.mp4,378,36224
/Users/havenville/mystuff/PhD_R/2023-09-15_Entropy/Demo/backend/downloads/MLB2.mp4,379,50200
/Users/havenville/mystuff/PhD_R/2023-09-15_Entropy/Demo/backend/downloads/MLB2.mp4,380,46648
/Users/havenville/mystuff/PhD_R/2023-09-15_Entropy/Demo/backend/downloads/MLB2.mp4,381,293960
/Users/havenville/mystuff/PhD_R/2023-09-15_Entropy/Demo/backend/downloads/MLB2.mp4,382,45360
/Users/havenville/mystuff/PhD_R/2023-09-15_Entropy/Demo/backend/downloads/MLB2.mp4,383,90520
/Users/havenville/mystuff/PhD_R/2023-09-15_Entropy/Demo/backend/downloads/MLB2.mp4,384,22776
/Users/havenville/mystuff/PhD_R/2023-09-15_Entropy/Demo/backend/downloads/MLB2.mp4,385,57848
/Users/havenville/mystuff/PhD_R/2023-09-15_Entropy/Demo/backend/downloads/MLB2.mp4,386,74736
/Users/havenville/mystuff/PhD_R/2023-09-15_Entropy/Demo/backend/downloads/MLB2.mp4,387,65328
/Users/havenville/mystuff/PhD_R/2023-09-15_Entropy/Demo/backend/downloads/MLB2.mp4,388,99768
/Users/havenville/mystuff/PhD_R/2023-09-15_Entropy/Demo/backend/downloads/MLB2.mp4,389,22944
/Users/havenville/mystuff/PhD_R/2023-09-15_Entropy/Demo/backend/downloads/MLB2.mp4,390,22568
/Users/havenville/mystuff/PhD_R/2023-09-15_Entropy/Demo/backend/downloads/MLB2.mp4,391,58112
/Users/havenville/mystuff/PhD_R/2023-09-15_Entropy/Demo/backend/downloads/MLB2.mp4,392,89064
/Users/havenville/mystuff/PhD_R/2023-09-15_Entropy/Demo/backend/downloads/MLB2.mp4,393,20112
/Users/havenville/mystuff/PhD_R/2023-09-15_Entropy/Demo/backend/downloads/MLB2.mp4,394,59792
/Users/havenville/mystuff/PhD_R/2023-09-15_Entropy/Demo/backend/downloads/MLB2.mp4,395,102664
/Users/havenville/mystuff/PhD_R/2023-09-15_Entropy/Demo/backend/downloads/MLB2.mp4,396,20272
/Users/havenville/mystuff/PhD_R/2023-09-15_Entropy/Demo/backend/downloads/MLB2.mp4,397,58152
/Users/havenville/mystuff/PhD_R/2023-09-15_Entropy/Demo/backend/downloads/MLB2.mp4,398,90712
/Users/havenville/mystuff/PhD_R/2023-09-15_Entropy/Demo/backend/downloads/MLB2.mp4,399,18008
/Users/havenville/mystuff/PhD_R/2023-09-15_Entropy/Demo/backend/downloads/MLB2.mp4,400,92304
/Users/havenville/mystuff/PhD_R/2023-09-15_Entropy/Demo/backend/downloads/MLB2.mp4,401,17864
/Users/havenville/mystuff/PhD_R/2023-09-15_Entropy/Demo/backend/downloads/MLB2.mp4,402,89104
/Users/havenville/mystuff/PhD_R/2023-09-15_Entropy/Demo/backend/downloads/MLB2.mp4,403,17136
/Users/havenville/mystuff/PhD_R/2023-09-15_Entropy/Demo/backend/downloads/MLB2.mp4,404,102256
/Users/havenville/mystuff/PhD_R/2023-09-15_Entropy/Demo/backend/downloads/MLB2.mp4,405,19608
/Users/havenville/mystuff/PhD_R/2023-09-15_Entropy/Demo/backend/downloads/MLB2.mp4,406,114920
/Users/havenville/mystuff/PhD_R/2023-09-15_Entropy/Demo/backend/downloads/MLB2.mp4,407,22872
/Users/havenville/mystuff/PhD_R/2023-09-15_Entropy/Demo/backend/downloads/MLB2.mp4,408,20496
/Users/havenville/mystuff/PhD_R/2023-09-15_Entropy/Demo/backend/downloads/MLB2.mp4,409,117304
/Users/havenville/mystuff/PhD_R/2023-09-15_Entropy/Demo/backend/downloads/MLB2.mp4,410,22080
/Users/havenville/mystuff/PhD_R/2023-09-15_Entropy/Demo/backend/downloads/MLB2.mp4,411,19992
/Users/havenville/mystuff/PhD_R/2023-09-15_Entropy/Demo/backend/downloads/MLB2.mp4,412,116544
/Users/havenville/mystuff/PhD_R/2023-09-15_Entropy/Demo/backend/downloads/MLB2.mp4,413,22560
/Users/havenville/mystuff/PhD_R/2023-09-15_Entropy/Demo/backend/downloads/MLB2.mp4,414,21008
/Users/havenville/mystuff/PhD_R/2023-09-15_Entropy/Demo/backend/downloads/MLB2.mp4,415,120784
/Users/havenville/mystuff/PhD_R/2023-09-15_Entropy/Demo/backend/downloads/MLB2.mp4,416,23064
/Users/havenville/mystuff/PhD_R/2023-09-15_Entropy/Demo/backend/downloads/MLB2.mp4,417,22816
/Users/havenville/mystuff/PhD_R/2023-09-15_Entropy/Demo/backend/downloads/MLB2.mp4,418,122528
/Users/havenville/mystuff/PhD_R/2023-09-15_Entropy/Demo/backend/downloads/MLB2.mp4,419,23344
/Users/havenville/mystuff/PhD_R/2023-09-15_Entropy/Demo/backend/downloads/MLB2.mp4,420,20248
/Users/havenville/mystuff/PhD_R/2023-09-15_Entropy/Demo/backend/downloads/MLB2.mp4,421,106160
/Users/havenville/mystuff/PhD_R/2023-09-15_Entropy/Demo/backend/downloads/MLB2.mp4,422,19912
/Users/havenville/mystuff/PhD_R/2023-09-15_Entropy/Demo/backend/downloads/MLB2.mp4,423,17720
/Users/havenville/mystuff/PhD_R/2023-09-15_Entropy/Demo/backend/downloads/MLB2.mp4,424,59808
/Users/havenville/mystuff/PhD_R/2023-09-15_Entropy/Demo/backend/downloads/MLB2.mp4,425,100144
/Users/havenville/mystuff/PhD_R/2023-09-15_Entropy/Demo/backend/downloads/MLB2.mp4,426,16952
/Users/havenville/mystuff/PhD_R/2023-09-15_Entropy/Demo/backend/downloads/MLB2.mp4,427,109520
/Users/havenville/mystuff/PhD_R/2023-09-15_Entropy/Demo/backend/downloads/MLB2.mp4,428,20488
/Users/havenville/mystuff/PhD_R/2023-09-15_Entropy/Demo/backend/downloads/MLB2.mp4,429,18408
/Users/havenville/mystuff/PhD_R/2023-09-15_Entropy/Demo/backend/downloads/MLB2.mp4,430,109816
/Users/havenville/mystuff/PhD_R/2023-09-15_Entropy/Demo/backend/downloads/MLB2.mp4,431,19168
/Users/havenville/mystuff/PhD_R/2023-09-15_Entropy/Demo/backend/downloads/MLB2.mp4,432,18944
/Users/havenville/mystuff/PhD_R/2023-09-15_Entropy/Demo/backend/downloads/MLB2.mp4,433,91320
/Users/havenville/mystuff/PhD_R/2023-09-15_Entropy/Demo/backend/downloads/MLB2.mp4,434,19912
/Users/havenville/mystuff/PhD_R/2023-09-15_Entropy/Demo/backend/downloads/MLB2.mp4,435,20144
/Users/havenville/mystuff/PhD_R/2023-09-15_Entropy/Demo/backend/downloads/MLB2.mp4,436,48456
/Users/havenville/mystuff/PhD_R/2023-09-15_Entropy/Demo/backend/downloads/MLB2.mp4,437,83808
/Users/havenville/mystuff/PhD_R/2023-09-15_Entropy/Demo/backend/downloads/MLB2.mp4,438,23064
/Users/havenville/mystuff/PhD_R/2023-09-15_Entropy/Demo/backend/downloads/MLB2.mp4,439,71264
/Users/havenville/mystuff/PhD_R/2023-09-15_Entropy/Demo/backend/downloads/MLB2.mp4,440,21328
/Users/havenville/mystuff/PhD_R/2023-09-15_Entropy/Demo/backend/downloads/MLB2.mp4,441,35432
/Users/havenville/mystuff/PhD_R/2023-09-15_Entropy/Demo/backend/downloads/MLB2.mp4,442,196376
/Users/havenville/mystuff/PhD_R/2023-09-15_Entropy/Demo/backend/downloads/MLB2.mp4,443,153872
/Users/havenville/mystuff/PhD_R/2023-09-15_Entropy/Demo/backend/downloads/MLB2.mp4,444,55240
/Users/havenville/mystuff/PhD_R/2023-09-15_Entropy/Demo/backend/downloads/MLB2.mp4,445,48800
/Users/havenville/mystuff/PhD_R/2023-09-15_Entropy/Demo/backend/downloads/MLB2.mp4,446,152888
/Users/havenville/mystuff/PhD_R/2023-09-15_Entropy/Demo/backend/downloads/MLB2.mp4,447,51880
/Users/havenville/mystuff/PhD_R/2023-09-15_Entropy/Demo/backend/downloads/MLB2.mp4,448,50296
/Users/havenville/mystuff/PhD_R/2023-09-15_Entropy/Demo/backend/downloads/MLB2.mp4,449,122664
/Users/havenville/mystuff/PhD_R/2023-09-15_Entropy/Demo/backend/downloads/MLB2.mp4,450,43616
/Users/havenville/mystuff/PhD_R/2023-09-15_Entropy/Demo/backend/downloads/MLB2.mp4,451,130824
/Users/havenville/mystuff/PhD_R/2023-09-15_Entropy/Demo/backend/downloads/MLB2.mp4,452,50776
/Users/havenville/mystuff/PhD_R/2023-09-15_Entropy/Demo/backend/downloads/MLB2.mp4,453,118456
/Users/havenville/mystuff/PhD_R/2023-09-15_Entropy/Demo/backend/downloads/MLB2.mp4,454,54208
/Users/havenville/mystuff/PhD_R/2023-09-15_Entropy/Demo/backend/downloads/MLB2.mp4,455,85888
/Users/havenville/mystuff/PhD_R/2023-09-15_Entropy/Demo/backend/downloads/MLB2.mp4,456,114760
/Users/havenville/mystuff/PhD_R/2023-09-15_Entropy/Demo/backend/downloads/MLB2.mp4,457,50872
/Users/havenville/mystuff/PhD_R/2023-09-15_Entropy/Demo/backend/downloads/MLB2.mp4,458,134688
/Users/havenville/mystuff/PhD_R/2023-09-15_Entropy/Demo/backend/downloads/MLB2.mp4,459,54144
/Users/havenville/mystuff/PhD_R/2023-09-15_Entropy/Demo/backend/downloads/MLB2.mp4,460,52336
/Users/havenville/mystuff/PhD_R/2023-09-15_Entropy/Demo/backend/downloads/MLB2.mp4,461,135880
/Users/havenville/mystuff/PhD_R/2023-09-15_Entropy/Demo/backend/downloads/MLB2.mp4,462,54232
/Users/havenville/mystuff/PhD_R/2023-09-15_Entropy/Demo/backend/downloads/MLB2.mp4,463,53616
/Users/havenville/mystuff/PhD_R/2023-09-15_Entropy/Demo/backend/downloads/MLB2.mp4,464,136544
/Users/havenville/mystuff/PhD_R/2023-09-15_Entropy/Demo/backend/downloads/MLB2.mp4,465,57104
/Users/havenville/mystuff/PhD_R/2023-09-15_Entropy/Demo/backend/downloads/MLB2.mp4,466,52392
/Users/havenville/mystuff/PhD_R/2023-09-15_Entropy/Demo/backend/downloads/MLB2.mp4,467,90280
/Users/havenville/mystuff/PhD_R/2023-09-15_Entropy/Demo/backend/downloads/MLB2.mp4,468,128584
/Users/havenville/mystuff/PhD_R/2023-09-15_Entropy/Demo/backend/downloads/MLB2.mp4,469,53064
/Users/havenville/mystuff/PhD_R/2023-09-15_Entropy/Demo/backend/downloads/MLB2.mp4,470,153584
/Users/havenville/mystuff/PhD_R/2023-09-15_Entropy/Demo/backend/downloads/MLB2.mp4,471,53864
/Users/havenville/mystuff/PhD_R/2023-09-15_Entropy/Demo/backend/downloads/MLB2.mp4,472,57032
/Users/havenville/mystuff/PhD_R/2023-09-15_Entropy/Demo/backend/downloads/MLB2.mp4,473,144976
/Users/havenville/mystuff/PhD_R/2023-09-15_Entropy/Demo/backend/downloads/MLB2.mp4,474,52264
/Users/havenville/mystuff/PhD_R/2023-09-15_Entropy/Demo/backend/downloads/MLB2.mp4,475,121376
/Users/havenville/mystuff/PhD_R/2023-09-15_Entropy/Demo/backend/downloads/MLB2.mp4,476,49232
/Users/havenville/mystuff/PhD_R/2023-09-15_Entropy/Demo/backend/downloads/MLB2.mp4,477,116232
/Users/havenville/mystuff/PhD_R/2023-09-15_Entropy/Demo/backend/downloads/MLB2.mp4,478,48880
/Users/havenville/mystuff/PhD_R/2023-09-15_Entropy/Demo/backend/downloads/MLB2.mp4,479,70920
/Users/havenville/mystuff/PhD_R/2023-09-15_Entropy/Demo/backend/downloads/MLB2.mp4,480,317360
/Users/havenville/mystuff/PhD_R/2023-09-15_Entropy/Demo/backend/downloads/MLB2.mp4,481,70424
/Users/havenville/mystuff/PhD_R/2023-09-15_Entropy/Demo/backend/downloads/MLB2.mp4,482,87088
/Users/havenville/mystuff/PhD_R/2023-09-15_Entropy/Demo/backend/downloads/MLB2.mp4,483,108296
/Users/havenville/mystuff/PhD_R/2023-09-15_Entropy/Demo/backend/downloads/MLB2.mp4,484,40568
/Users/havenville/mystuff/PhD_R/2023-09-15_Entropy/Demo/backend/downloads/MLB2.mp4,485,97856
/Users/havenville/mystuff/PhD_R/2023-09-15_Entropy/Demo/backend/downloads/MLB2.mp4,486,39688
/Users/havenville/mystuff/PhD_R/2023-09-15_Entropy/Demo/backend/downloads/MLB2.mp4,487,39392
/Users/havenville/mystuff/PhD_R/2023-09-15_Entropy/Demo/backend/downloads/MLB2.mp4,488,50328
/Users/havenville/mystuff/PhD_R/2023-09-15_Entropy/Demo/backend/downloads/MLB2.mp4,489,242680
/Users/havenville/mystuff/PhD_R/2023-09-15_Entropy/Demo/backend/downloads/MLB2.mp4,490,110864
/Users/havenville/mystuff/PhD_R/2023-09-15_Entropy/Demo/backend/downloads/MLB2.mp4,491,38944
/Users/havenville/mystuff/PhD_R/2023-09-15_Entropy/Demo/backend/downloads/MLB2.mp4,492,68008
/Users/havenville/mystuff/PhD_R/2023-09-15_Entropy/Demo/backend/downloads/MLB2.mp4,493,109720
/Users/havenville/mystuff/PhD_R/2023-09-15_Entropy/Demo/backend/downloads/MLB2.mp4,494,41448
/Users/havenville/mystuff/PhD_R/2023-09-15_Entropy/Demo/backend/downloads/MLB2.mp4,495,40320
/Users/havenville/mystuff/PhD_R/2023-09-15_Entropy/Demo/backend/downloads/MLB2.mp4,496,124240
/Users/havenville/mystuff/PhD_R/2023-09-15_Entropy/Demo/backend/downloads/MLB2.mp4,497,46728
/Users/havenville/mystuff/PhD_R/2023-09-15_Entropy/Demo/backend/downloads/MLB2.mp4,498,44816
/Users/havenville/mystuff/PhD_R/2023-09-15_Entropy/Demo/backend/downloads/MLB2.mp4,499,119504
/Users/havenville/mystuff/PhD_R/2023-09-15_Entropy/Demo/backend/downloads/MLB2.mp4,500,45024
/Users/havenville/mystuff/PhD_R/2023-09-15_Entropy/Demo/backend/downloads/MLB2.mp4,501,43840
/Users/havenville/mystuff/PhD_R/2023-09-15_Entropy/Demo/backend/downloads/MLB2.mp4,502,127528
/Users/havenville/mystuff/PhD_R/2023-09-15_Entropy/Demo/backend/downloads/MLB2.mp4,503,50760
/Users/havenville/mystuff/PhD_R/2023-09-15_Entropy/Demo/backend/downloads/MLB2.mp4,504,50696
/Users/havenville/mystuff/PhD_R/2023-09-15_Entropy/Demo/backend/downloads/MLB2.mp4,505,120152
/Users/havenville/mystuff/PhD_R/2023-09-15_Entropy/Demo/backend/downloads/MLB2.mp4,506,46488
/Users/havenville/mystuff/PhD_R/2023-09-15_Entropy/Demo/backend/downloads/MLB2.mp4,507,45064
/Users/havenville/mystuff/PhD_R/2023-09-15_Entropy/Demo/backend/downloads/MLB2.mp4,508,119568
/Users/havenville/mystuff/PhD_R/2023-09-15_Entropy/Demo/backend/downloads/MLB2.mp4,509,45272
/Users/havenville/mystuff/PhD_R/2023-09-15_Entropy/Demo/backend/downloads/MLB2.mp4,510,43176
/Users/havenville/mystuff/PhD_R/2023-09-15_Entropy/Demo/backend/downloads/MLB2.mp4,511,119056
/Users/havenville/mystuff/PhD_R/2023-09-15_Entropy/Demo/backend/downloads/MLB2.mp4,512,51880
/Users/havenville/mystuff/PhD_R/2023-09-15_Entropy/Demo/backend/downloads/MLB2.mp4,513,52648
/Users/havenville/mystuff/PhD_R/2023-09-15_Entropy/Demo/backend/downloads/MLB2.mp4,514,137216
/Users/havenville/mystuff/PhD_R/2023-09-15_Entropy/Demo/backend/downloads/MLB2.mp4,515,47984
/Users/havenville/mystuff/PhD_R/2023-09-15_Entropy/Demo/backend/downloads/MLB2.mp4,516,50384
/Users/havenville/mystuff/PhD_R/2023-09-15_Entropy/Demo/backend/downloads/MLB2.mp4,517,122944
/Users/havenville/mystuff/PhD_R/2023-09-15_Entropy/Demo/backend/downloads/MLB2.mp4,518,53016
/Users/havenville/mystuff/PhD_R/2023-09-15_Entropy/Demo/backend/downloads/MLB2.mp4,519,53200
/Users/havenville/mystuff/PhD_R/2023-09-15_Entropy/Demo/backend/downloads/MLB2.mp4,520,119392
/Users/havenville/mystuff/PhD_R/2023-09-15_Entropy/Demo/backend/downloads/MLB2.mp4,521,45016
/Users/havenville/mystuff/PhD_R/2023-09-15_Entropy/Demo/backend/downloads/MLB2.mp4,522,47488
/Users/havenville/mystuff/PhD_R/2023-09-15_Entropy/Demo/backend/downloads/MLB2.mp4,523,126664
/Users/havenville/mystuff/PhD_R/2023-09-15_Entropy/Demo/backend/downloads/MLB2.mp4,524,49768
/Users/havenville/mystuff/PhD_R/2023-09-15_Entropy/Demo/backend/downloads/MLB2.mp4,525,49808
/Users/havenville/mystuff/PhD_R/2023-09-15_Entropy/Demo/backend/downloads/MLB2.mp4,526,145272
/Users/havenville/mystuff/PhD_R/2023-09-15_Entropy/Demo/backend/downloads/MLB2.mp4,527,60784
/Users/havenville/mystuff/PhD_R/2023-09-15_Entropy/Demo/backend/downloads/MLB2.mp4,528,62144
/Users/havenville/mystuff/PhD_R/2023-09-15_Entropy/Demo/backend/downloads/MLB2.mp4,529,136800
/Users/havenville/mystuff/PhD_R/2023-09-15_Entropy/Demo/backend/downloads/MLB2.mp4,530,62624
/Users/havenville/mystuff/PhD_R/2023-09-15_Entropy/Demo/backend/downloads/MLB2.mp4,531,64336
/Users/havenville/mystuff/PhD_R/2023-09-15_Entropy/Demo/backend/downloads/MLB2.mp4,532,72736
/Users/havenville/mystuff/PhD_R/2023-09-15_Entropy/Demo/backend/downloads/MLB2.mp4,533,144272
/Users/havenville/mystuff/PhD_R/2023-09-15_Entropy/Demo/backend/downloads/MLB2.mp4,534,24688
/Users/havenville/mystuff/PhD_R/2023-09-15_Entropy/Demo/backend/downloads/MLB2.mp4,535,41176
/Users/havenville/mystuff/PhD_R/2023-09-15_Entropy/Demo/backend/downloads/MLB2.mp4,536,12048
/Users/havenville/mystuff/PhD_R/2023-09-15_Entropy/Demo/backend/downloads/MLB2.mp4,537,27992
/Users/havenville/mystuff/PhD_R/2023-09-15_Entropy/Demo/backend/downloads/MLB2.mp4,538,41120
/Users/havenville/mystuff/PhD_R/2023-09-15_Entropy/Demo/backend/downloads/MLB2.mp4,539,13256
/Users/havenville/mystuff/PhD_R/2023-09-15_Entropy/Demo/backend/downloads/MLB2.mp4,540,11248
/Users/havenville/mystuff/PhD_R/2023-09-15_Entropy/Demo/backend/downloads/MLB2.mp4,541,35040
/Users/havenville/mystuff/PhD_R/2023-09-15_Entropy/Demo/backend/downloads/MLB2.mp4,542,34152
/Users/havenville/mystuff/PhD_R/2023-09-15_Entropy/Demo/backend/downloads/MLB2.mp4,543,43520
/Users/havenville/mystuff/PhD_R/2023-09-15_Entropy/Demo/backend/downloads/MLB2.mp4,544,13144
/Users/havenville/mystuff/PhD_R/2023-09-15_Entropy/Demo/backend/downloads/MLB2.mp4,545,12344
/Users/havenville/mystuff/PhD_R/2023-09-15_Entropy/Demo/backend/downloads/MLB2.mp4,546,33000
/Users/havenville/mystuff/PhD_R/2023-09-15_Entropy/Demo/backend/downloads/MLB2.mp4,547,8536
/Users/havenville/mystuff/PhD_R/2023-09-15_Entropy/Demo/backend/downloads/MLB2.mp4,548,35176
/Users/havenville/mystuff/PhD_R/2023-09-15_Entropy/Demo/backend/downloads/MLB2.mp4,549,10168
/Users/havenville/mystuff/PhD_R/2023-09-15_Entropy/Demo/backend/downloads/MLB2.mp4,550,9048
/Users/havenville/mystuff/PhD_R/2023-09-15_Entropy/Demo/backend/downloads/MLB2.mp4,551,33792
/Users/havenville/mystuff/PhD_R/2023-09-15_Entropy/Demo/backend/downloads/MLB2.mp4,552,6512
/Users/havenville/mystuff/PhD_R/2023-09-15_Entropy/Demo/backend/downloads/MLB2.mp4,553,34520
/Users/havenville/mystuff/PhD_R/2023-09-15_Entropy/Demo/backend/downloads/MLB2.mp4,554,8056
/Users/havenville/mystuff/PhD_R/2023-09-15_Entropy/Demo/backend/downloads/MLB2.mp4,555,7072
/Users/havenville/mystuff/PhD_R/2023-09-15_Entropy/Demo/backend/downloads/MLB2.mp4,556,32304
/Users/havenville/mystuff/PhD_R/2023-09-15_Entropy/Demo/backend/downloads/MLB2.mp4,557,7472
/Users/havenville/mystuff/PhD_R/2023-09-15_Entropy/Demo/backend/downloads/MLB2.mp4,558,6256
/Users/havenville/mystuff/PhD_R/2023-09-15_Entropy/Demo/backend/downloads/MLB2.mp4,559,34664
/Users/havenville/mystuff/PhD_R/2023-09-15_Entropy/Demo/backend/downloads/MLB2.mp4,560,10816
/Users/havenville/mystuff/PhD_R/2023-09-15_Entropy/Demo/backend/downloads/MLB2.mp4,561,7624
/Users/havenville/mystuff/PhD_R/2023-09-15_Entropy/Demo/backend/downloads/MLB2.mp4,562,22792
/Users/havenville/mystuff/PhD_R/2023-09-15_Entropy/Demo/backend/downloads/MLB2.mp4,563,37840
/Users/havenville/mystuff/PhD_R/2023-09-15_Entropy/Demo/backend/downloads/MLB2.mp4,564,8616
/Users/havenville/mystuff/PhD_R/2023-09-15_Entropy/Demo/backend/downloads/MLB2.mp4,565,6944
/Users/havenville/mystuff/PhD_R/2023-09-15_Entropy/Demo/backend/downloads/MLB2.mp4,566,35096
/Users/havenville/mystuff/PhD_R/2023-09-15_Entropy/Demo/backend/downloads/MLB2.mp4,567,8240
/Users/havenville/mystuff/PhD_R/2023-09-15_Entropy/Demo/backend/downloads/MLB2.mp4,568,6296
/Users/havenville/mystuff/PhD_R/2023-09-15_Entropy/Demo/backend/downloads/MLB2.mp4,569,32880
/Users/havenville/mystuff/PhD_R/2023-09-15_Entropy/Demo/backend/downloads/MLB2.mp4,570,8088
/Users/havenville/mystuff/PhD_R/2023-09-15_Entropy/Demo/backend/downloads/MLB2.mp4,571,6208
/Users/havenville/mystuff/PhD_R/2023-09-15_Entropy/Demo/backend/downloads/MLB2.mp4,572,27224
/Users/havenville/mystuff/PhD_R/2023-09-15_Entropy/Demo/backend/downloads/MLB2.mp4,573,7240
/Users/havenville/mystuff/PhD_R/2023-09-15_Entropy/Demo/backend/downloads/MLB2.mp4,574,6120
/Users/havenville/mystuff/PhD_R/2023-09-15_Entropy/Demo/backend/downloads/MLB2.mp4,575,24408
/Users/havenville/mystuff/PhD_R/2023-09-15_Entropy/Demo/backend/downloads/MLB2.mp4,576,6496
/Users/havenville/mystuff/PhD_R/2023-09-15_Entropy/Demo/backend/downloads/MLB2.mp4,577,12192
/Users/havenville/mystuff/PhD_R/2023-09-15_Entropy/Demo/backend/downloads/MLB2.mp4,578,303840
/Users/havenville/mystuff/PhD_R/2023-09-15_Entropy/Demo/backend/downloads/MLB2.mp4,579,160456
/Users/havenville/mystuff/PhD_R/2023-09-15_Entropy/Demo/backend/downloads/MLB2.mp4,580,61384
/Users/havenville/mystuff/PhD_R/2023-09-15_Entropy/Demo/backend/downloads/MLB2.mp4,581,93752
/Users/havenville/mystuff/PhD_R/2023-09-15_Entropy/Demo/backend/downloads/MLB2.mp4,582,125464
/Users/havenville/mystuff/PhD_R/2023-09-15_Entropy/Demo/backend/downloads/MLB2.mp4,583,55744
/Users/havenville/mystuff/PhD_R/2023-09-15_Entropy/Demo/backend/downloads/MLB2.mp4,584,85312
/Users/havenville/mystuff/PhD_R/2023-09-15_Entropy/Demo/backend/downloads/MLB2.mp4,585,123128
/Users/havenville/mystuff/PhD_R/2023-09-15_Entropy/Demo/backend/downloads/MLB2.mp4,586,46736
/Users/havenville/mystuff/PhD_R/2023-09-15_Entropy/Demo/backend/downloads/MLB2.mp4,587,85320
/Users/havenville/mystuff/PhD_R/2023-09-15_Entropy/Demo/backend/downloads/MLB2.mp4,588,142600
/Users/havenville/mystuff/PhD_R/2023-09-15_Entropy/Demo/backend/downloads/MLB2.mp4,589,49880
/Users/havenville/mystuff/PhD_R/2023-09-15_Entropy/Demo/backend/downloads/MLB2.mp4,590,119808
/Users/havenville/mystuff/PhD_R/2023-09-15_Entropy/Demo/backend/downloads/MLB2.mp4,591,49688
/Users/havenville/mystuff/PhD_R/2023-09-15_Entropy/Demo/backend/downloads/MLB2.mp4,592,113128
/Users/havenville/mystuff/PhD_R/2023-09-15_Entropy/Demo/backend/downloads/MLB2.mp4,593,94160
/Users/havenville/mystuff/PhD_R/2023-09-15_Entropy/Demo/backend/downloads/MLB2.mp4,594,140472
/Users/havenville/mystuff/PhD_R/2023-09-15_Entropy/Demo/backend/downloads/MLB2.mp4,595,51600
/Users/havenville/mystuff/PhD_R/2023-09-15_Entropy/Demo/backend/downloads/MLB2.mp4,596,86888
/Users/havenville/mystuff/PhD_R/2023-09-15_Entropy/Demo/backend/downloads/MLB2.mp4,597,88432
/Users/havenville/mystuff/PhD_R/2023-09-15_Entropy/Demo/backend/downloads/MLB2.mp4,598,103584
/Users/havenville/mystuff/PhD_R/2023-09-15_Entropy/Demo/backend/downloads/MLB2.mp4,599,83288
/Users/havenville/mystuff/PhD_R/2023-09-15_Entropy/Demo/backend/downloads/MLB2.mp4,600,77368
/Users/havenville/mystuff/PhD_R/2023-09-15_Entropy/Demo/backend/downloads/MLB2.mp4,601,119232
/Users/havenville/mystuff/PhD_R/2023-09-15_Entropy/Demo/backend/downloads/MLB2.mp4,602,42184
/Users/havenville/mystuff/PhD_R/2023-09-15_Entropy/Demo/backend/downloads/MLB2.mp4,603,134928
/Users/havenville/mystuff/PhD_R/2023-09-15_Entropy/Demo/backend/downloads/MLB2.mp4,604,54928
/Users/havenville/mystuff/PhD_R/2023-09-15_Entropy/Demo/backend/downloads/MLB2.mp4,605,94288
/Users/havenville/mystuff/PhD_R/2023-09-15_Entropy/Demo/backend/downloads/MLB2.mp4,606,97728
/Users/havenville/mystuff/PhD_R/2023-09-15_Entropy/Demo/backend/downloads/MLB2.mp4,607,163200
/Users/havenville/mystuff/PhD_R/2023-09-15_Entropy/Demo/backend/downloads/MLB2.mp4,608,56512
/Users/havenville/mystuff/PhD_R/2023-09-15_Entropy/Demo/backend/downloads/MLB2.mp4,609,89800
/Users/havenville/mystuff/PhD_R/2023-09-15_Entropy/Demo/backend/downloads/MLB2.mp4,610,152992
/Users/havenville/mystuff/PhD_R/2023-09-15_Entropy/Demo/backend/downloads/MLB2.mp4,611,59576
/Users/havenville/mystuff/PhD_R/2023-09-15_Entropy/Demo/backend/downloads/MLB2.mp4,612,140688
/Users/havenville/mystuff/PhD_R/2023-09-15_Entropy/Demo/backend/downloads/MLB2.mp4,613,65104
/Users/havenville/mystuff/PhD_R/2023-09-15_Entropy/Demo/backend/downloads/MLB2.mp4,614,97352
/Users/havenville/mystuff/PhD_R/2023-09-15_Entropy/Demo/backend/downloads/MLB2.mp4,615,96064
/Users/havenville/mystuff/PhD_R/2023-09-15_Entropy/Demo/backend/downloads/MLB2.mp4,616,143320
/Users/havenville/mystuff/PhD_R/2023-09-15_Entropy/Demo/backend/downloads/MLB2.mp4,617,65184
/Users/havenville/mystuff/PhD_R/2023-09-15_Entropy/Demo/backend/downloads/MLB2.mp4,618,145872
/Users/havenville/mystuff/PhD_R/2023-09-15_Entropy/Demo/backend/downloads/MLB2.mp4,619,69184
/Users/havenville/mystuff/PhD_R/2023-09-15_Entropy/Demo/backend/downloads/MLB2.mp4,620,103064
/Users/havenville/mystuff/PhD_R/2023-09-15_Entropy/Demo/backend/downloads/MLB2.mp4,621,97008
/Users/havenville/mystuff/PhD_R/2023-09-15_Entropy/Demo/backend/downloads/MLB2.mp4,622,117312
/Users/havenville/mystuff/PhD_R/2023-09-15_Entropy/Demo/backend/downloads/MLB2.mp4,623,101024
/Users/havenville/mystuff/PhD_R/2023-09-15_Entropy/Demo/backend/downloads/MLB2.mp4,624,104224
/Users/havenville/mystuff/PhD_R/2023-09-15_Entropy/Demo/backend/downloads/MLB2.mp4,625,114784
/Users/havenville/mystuff/PhD_R/2023-09-15_Entropy/Demo/backend/downloads/MLB2.mp4,626,99592
/Users/havenville/mystuff/PhD_R/2023-09-15_Entropy/Demo/backend/downloads/MLB2.mp4,627,157592
/Users/havenville/mystuff/PhD_R/2023-09-15_Entropy/Demo/backend/downloads/MLB2.mp4,628,66808
/Users/havenville/mystuff/PhD_R/2023-09-15_Entropy/Demo/backend/downloads/MLB2.mp4,629,101304
/Users/havenville/mystuff/PhD_R/2023-09-15_Entropy/Demo/backend/downloads/MLB2.mp4,630,163720
/Users/havenville/mystuff/PhD_R/2023-09-15_Entropy/Demo/backend/downloads/MLB2.mp4,631,67936
/Users/havenville/mystuff/PhD_R/2023-09-15_Entropy/Demo/backend/downloads/MLB2.mp4,632,95504
/Users/havenville/mystuff/PhD_R/2023-09-15_Entropy/Demo/backend/downloads/MLB2.mp4,633,154928
/Users/havenville/mystuff/PhD_R/2023-09-15_Entropy/Demo/backend/downloads/MLB2.mp4,634,62616
/Users/havenville/mystuff/PhD_R/2023-09-15_Entropy/Demo/backend/downloads/MLB2.mp4,635,97448
/Users/havenville/mystuff/PhD_R/2023-09-15_Entropy/Demo/backend/downloads/MLB2.mp4,636,118920
/Users/havenville/mystuff/PhD_R/2023-09-15_Entropy/Demo/backend/downloads/MLB2.mp4,637,101856
/Users/havenville/mystuff/PhD_R/2023-09-15_Entropy/Demo/backend/downloads/MLB2.mp4,638,328168
/Users/havenville/mystuff/PhD_R/2023-09-15_Entropy/Demo/backend/downloads/MLB2.mp4,639,119464
/Users/havenville/mystuff/PhD_R/2023-09-15_Entropy/Demo/backend/downloads/MLB2.mp4,640,305336
/Users/havenville/mystuff/PhD_R/2023-09-15_Entropy/Demo/backend/downloads/MLB2.mp4,641,199152
/Users/havenville/mystuff/PhD_R/2023-09-15_Entropy/Demo/backend/downloads/MLB2.mp4,642,91496
/Users/havenville/mystuff/PhD_R/2023-09-15_Entropy/Demo/backend/downloads/MLB2.mp4,643,209472
/Users/havenville/mystuff/PhD_R/2023-09-15_Entropy/Demo/backend/downloads/MLB2.mp4,644,94488
/Users/havenville/mystuff/PhD_R/2023-09-15_Entropy/Demo/backend/downloads/MLB2.mp4,645,93224
/Users/havenville/mystuff/PhD_R/2023-09-15_Entropy/Demo/backend/downloads/MLB2.mp4,646,125688
/Users/havenville/mystuff/PhD_R/2023-09-15_Entropy/Demo/backend/downloads/MLB2.mp4,647,187568
/Users/havenville/mystuff/PhD_R/2023-09-15_Entropy/Demo/backend/downloads/MLB2.mp4,648,82448
/Users/havenville/mystuff/PhD_R/2023-09-15_Entropy/Demo/backend/downloads/MLB2.mp4,649,183288
/Users/havenville/mystuff/PhD_R/2023-09-15_Entropy/Demo/backend/downloads/MLB2.mp4,650,85784
/Users/havenville/mystuff/PhD_R/2023-09-15_Entropy/Demo/backend/downloads/MLB2.mp4,651,124936
/Users/havenville/mystuff/PhD_R/2023-09-15_Entropy/Demo/backend/downloads/MLB2.mp4,652,117672
/Users/havenville/mystuff/PhD_R/2023-09-15_Entropy/Demo/backend/downloads/MLB2.mp4,653,194992
/Users/havenville/mystuff/PhD_R/2023-09-15_Entropy/Demo/backend/downloads/MLB2.mp4,654,82400
/Users/havenville/mystuff/PhD_R/2023-09-15_Entropy/Demo/backend/downloads/MLB2.mp4,655,200752
/Users/havenville/mystuff/PhD_R/2023-09-15_Entropy/Demo/backend/downloads/MLB2.mp4,656,90808
/Users/havenville/mystuff/PhD_R/2023-09-15_Entropy/Demo/backend/downloads/MLB2.mp4,657,94672
/Users/havenville/mystuff/PhD_R/2023-09-15_Entropy/Demo/backend/downloads/MLB2.mp4,658,106552
/Users/havenville/mystuff/PhD_R/2023-09-15_Entropy/Demo/backend/downloads/MLB2.mp4,659,117456
/Users/havenville/mystuff/PhD_R/2023-09-15_Entropy/Demo/backend/downloads/MLB2.mp4,660,371176
/Users/havenville/mystuff/PhD_R/2023-09-15_Entropy/Demo/backend/downloads/MLB2.mp4,661,164184
/Users/havenville/mystuff/PhD_R/2023-09-15_Entropy/Demo/backend/downloads/MLB2.mp4,662,42920
/Users/havenville/mystuff/PhD_R/2023-09-15_Entropy/Demo/backend/downloads/MLB2.mp4,663,41432
/Users/havenville/mystuff/PhD_R/2023-09-15_Entropy/Demo/backend/downloads/MLB2.mp4,664,154320
/Users/havenville/mystuff/PhD_R/2023-09-15_Entropy/Demo/backend/downloads/MLB2.mp4,665,40216
/Users/havenville/mystuff/PhD_R/2023-09-15_Entropy/Demo/backend/downloads/MLB2.mp4,666,36776
/Users/havenville/mystuff/PhD_R/2023-09-15_Entropy/Demo/backend/downloads/MLB2.mp4,667,155152
/Users/havenville/mystuff/PhD_R/2023-09-15_Entropy/Demo/backend/downloads/MLB2.mp4,668,36240
/Users/havenville/mystuff/PhD_R/2023-09-15_Entropy/Demo/backend/downloads/MLB2.mp4,669,43640
/Users/havenville/mystuff/PhD_R/2023-09-15_Entropy/Demo/backend/downloads/MLB2.mp4,670,152304
/Users/havenville/mystuff/PhD_R/2023-09-15_Entropy/Demo/backend/downloads/MLB2.mp4,671,41280
/Users/havenville/mystuff/PhD_R/2023-09-15_Entropy/Demo/backend/downloads/MLB2.mp4,672,38600
/Users/havenville/mystuff/PhD_R/2023-09-15_Entropy/Demo/backend/downloads/MLB2.mp4,673,140704
/Users/havenville/mystuff/PhD_R/2023-09-15_Entropy/Demo/backend/downloads/MLB2.mp4,674,42976
/Users/havenville/mystuff/PhD_R/2023-09-15_Entropy/Demo/backend/downloads/MLB2.mp4,675,43272
/Users/havenville/mystuff/PhD_R/2023-09-15_Entropy/Demo/backend/downloads/MLB2.mp4,676,146936
/Users/havenville/mystuff/PhD_R/2023-09-15_Entropy/Demo/backend/downloads/MLB2.mp4,677,46016
/Users/havenville/mystuff/PhD_R/2023-09-15_Entropy/Demo/backend/downloads/MLB2.mp4,678,44880
/Users/havenville/mystuff/PhD_R/2023-09-15_Entropy/Demo/backend/downloads/MLB2.mp4,679,148280
/Users/havenville/mystuff/PhD_R/2023-09-15_Entropy/Demo/backend/downloads/MLB2.mp4,680,44040
/Users/havenville/mystuff/PhD_R/2023-09-15_Entropy/Demo/backend/downloads/MLB2.mp4,681,44440
/Users/havenville/mystuff/PhD_R/2023-09-15_Entropy/Demo/backend/downloads/MLB2.mp4,682,154576
/Users/havenville/mystuff/PhD_R/2023-09-15_Entropy/Demo/backend/downloads/MLB2.mp4,683,44728
/Users/havenville/mystuff/PhD_R/2023-09-15_Entropy/Demo/backend/downloads/MLB2.mp4,684,45720
/Users/havenville/mystuff/PhD_R/2023-09-15_Entropy/Demo/backend/downloads/MLB2.mp4,685,141632
/Users/havenville/mystuff/PhD_R/2023-09-15_Entropy/Demo/backend/downloads/MLB2.mp4,686,47448
/Users/havenville/mystuff/PhD_R/2023-09-15_Entropy/Demo/backend/downloads/MLB2.mp4,687,40944
/Users/havenville/mystuff/PhD_R/2023-09-15_Entropy/Demo/backend/downloads/MLB2.mp4,688,149576
/Users/havenville/mystuff/PhD_R/2023-09-15_Entropy/Demo/backend/downloads/MLB2.mp4,689,49400
/Users/havenville/mystuff/PhD_R/2023-09-15_Entropy/Demo/backend/downloads/MLB2.mp4,690,46800
/Users/havenville/mystuff/PhD_R/2023-09-15_Entropy/Demo/backend/downloads/MLB2.mp4,691,149320
/Users/havenville/mystuff/PhD_R/2023-09-15_Entropy/Demo/backend/downloads/MLB2.mp4,692,47752
/Users/havenville/mystuff/PhD_R/2023-09-15_Entropy/Demo/backend/downloads/MLB2.mp4,693,43672
/Users/havenville/mystuff/PhD_R/2023-09-15_Entropy/Demo/backend/downloads/MLB2.mp4,694,154864
/Users/havenville/mystuff/PhD_R/2023-09-15_Entropy/Demo/backend/downloads/MLB2.mp4,695,44840
/Users/havenville/mystuff/PhD_R/2023-09-15_Entropy/Demo/backend/downloads/MLB2.mp4,696,49176
/Users/havenville/mystuff/PhD_R/2023-09-15_Entropy/Demo/backend/downloads/MLB2.mp4,697,177424
/Users/havenville/mystuff/PhD_R/2023-09-15_Entropy/Demo/backend/downloads/MLB2.mp4,698,55888
/Users/havenville/mystuff/PhD_R/2023-09-15_Entropy/Demo/backend/downloads/MLB2.mp4,699,55512
/Users/havenville/mystuff/PhD_R/2023-09-15_Entropy/Demo/backend/downloads/MLB2.mp4,700,178344
/Users/havenville/mystuff/PhD_R/2023-09-15_Entropy/Demo/backend/downloads/MLB2.mp4,701,52840
/Users/havenville/mystuff/PhD_R/2023-09-15_Entropy/Demo/backend/downloads/MLB2.mp4,702,53440
/Users/havenville/mystuff/PhD_R/2023-09-15_Entropy/Demo/backend/downloads/MLB2.mp4,703,169984
/Users/havenville/mystuff/PhD_R/2023-09-15_Entropy/Demo/backend/downloads/MLB2.mp4,704,51432
/Users/havenville/mystuff/PhD_R/2023-09-15_Entropy/Demo/backend/downloads/MLB2.mp4,705,42280
/Users/havenville/mystuff/PhD_R/2023-09-15_Entropy/Demo/backend/downloads/MLB2.mp4,706,166480
/Users/havenville/mystuff/PhD_R/2023-09-15_Entropy/Demo/backend/downloads/MLB2.mp4,707,43800
/Users/havenville/mystuff/PhD_R/2023-09-15_Entropy/Demo/backend/downloads/MLB2.mp4,708,48904
/Users/havenville/mystuff/PhD_R/2023-09-15_Entropy/Demo/backend/downloads/MLB2.mp4,709,170168
/Users/havenville/mystuff/PhD_R/2023-09-15_Entropy/Demo/backend/downloads/MLB2.mp4,710,52576
/Users/havenville/mystuff/PhD_R/2023-09-15_Entropy/Demo/backend/downloads/MLB2.mp4,711,50576
/Users/havenville/mystuff/PhD_R/2023-09-15_Entropy/Demo/backend/downloads/MLB2.mp4,712,171176
/Users/havenville/mystuff/PhD_R/2023-09-15_Entropy/Demo/backend/downloads/MLB2.mp4,713,55864
/Users/havenville/mystuff/PhD_R/2023-09-15_Entropy/Demo/backend/downloads/MLB2.mp4,714,48032
/Users/havenville/mystuff/PhD_R/2023-09-15_Entropy/Demo/backend/downloads/MLB2.mp4,715,161368
/Users/havenville/mystuff/PhD_R/2023-09-15_Entropy/Demo/backend/downloads/MLB2.mp4,716,57216
/Users/havenville/mystuff/PhD_R/2023-09-15_Entropy/Demo/backend/downloads/MLB2.mp4,717,56448
/Users/havenville/mystuff/PhD_R/2023-09-15_Entropy/Demo/backend/downloads/MLB2.mp4,718,165488
/Users/havenville/mystuff/PhD_R/2023-09-15_Entropy/Demo/backend/downloads/MLB2.mp4,719,56696
/Users/havenville/mystuff/PhD_R/2023-09-15_Entropy/Demo/backend/downloads/MLB2.mp4,720,51216
/Users/havenville/mystuff/PhD_R/2023-09-15_Entropy/Demo/backend/downloads/MLB2.mp4,721,202528
/Users/havenville/mystuff/PhD_R/2023-09-15_Entropy/Demo/backend/downloads/MLB2.mp4,722,186472
/Users/havenville/mystuff/PhD_R/2023-09-15_Entropy/Demo/backend/downloads/MLB2.mp4,723,57576
/Users/havenville/mystuff/PhD_R/2023-09-15_Entropy/Demo/backend/downloads/MLB2.mp4,724,57344
/Users/havenville/mystuff/PhD_R/2023-09-15_Entropy/Demo/backend/downloads/MLB2.mp4,725,165016
/Users/havenville/mystuff/PhD_R/2023-09-15_Entropy/Demo/backend/downloads/MLB2.mp4,726,46856
/Users/havenville/mystuff/PhD_R/2023-09-15_Entropy/Demo/backend/downloads/MLB2.mp4,727,48736
/Users/havenville/mystuff/PhD_R/2023-09-15_Entropy/Demo/backend/downloads/MLB2.mp4,728,160464
/Users/havenville/mystuff/PhD_R/2023-09-15_Entropy/Demo/backend/downloads/MLB2.mp4,729,52312
/Users/havenville/mystuff/PhD_R/2023-09-15_Entropy/Demo/backend/downloads/MLB2.mp4,730,57888
/Users/havenville/mystuff/PhD_R/2023-09-15_Entropy/Demo/backend/downloads/MLB2.mp4,731,151360
/Users/havenville/mystuff/PhD_R/2023-09-15_Entropy/Demo/backend/downloads/MLB2.mp4,732,57168
/Users/havenville/mystuff/PhD_R/2023-09-15_Entropy/Demo/backend/downloads/MLB2.mp4,733,56064
/Users/havenville/mystuff/PhD_R/2023-09-15_Entropy/Demo/backend/downloads/MLB2.mp4,734,157696
/Users/havenville/mystuff/PhD_R/2023-09-15_Entropy/Demo/backend/downloads/MLB2.mp4,735,53512
/Users/havenville/mystuff/PhD_R/2023-09-15_Entropy/Demo/backend/downloads/MLB2.mp4,736,52136
/Users/havenville/mystuff/PhD_R/2023-09-15_Entropy/Demo/backend/downloads/MLB2.mp4,737,141312
/Users/havenville/mystuff/PhD_R/2023-09-15_Entropy/Demo/backend/downloads/MLB2.mp4,738,50776
/Users/havenville/mystuff/PhD_R/2023-09-15_Entropy/Demo/backend/downloads/MLB2.mp4,739,51952
/Users/havenville/mystuff/PhD_R/2023-09-15_Entropy/Demo/backend/downloads/MLB2.mp4,740,134880
/Users/havenville/mystuff/PhD_R/2023-09-15_Entropy/Demo/backend/downloads/MLB2.mp4,741,49136
/Users/havenville/mystuff/PhD_R/2023-09-15_Entropy/Demo/backend/downloads/MLB2.mp4,742,51984
/Users/havenville/mystuff/PhD_R/2023-09-15_Entropy/Demo/backend/downloads/MLB2.mp4,743,138688
/Users/havenville/mystuff/PhD_R/2023-09-15_Entropy/Demo/backend/downloads/MLB2.mp4,744,52264
/Users/havenville/mystuff/PhD_R/2023-09-15_Entropy/Demo/backend/downloads/MLB2.mp4,745,48328
/Users/havenville/mystuff/PhD_R/2023-09-15_Entropy/Demo/backend/downloads/MLB2.mp4,746,117984
/Users/havenville/mystuff/PhD_R/2023-09-15_Entropy/Demo/backend/downloads/MLB2.mp4,747,39960
/Users/havenville/mystuff/PhD_R/2023-09-15_Entropy/Demo/backend/downloads/MLB2.mp4,748,38296
/Users/havenville/mystuff/PhD_R/2023-09-15_Entropy/Demo/backend/downloads/MLB2.mp4,749,115280
/Users/havenville/mystuff/PhD_R/2023-09-15_Entropy/Demo/backend/downloads/MLB2.mp4,750,35656
/Users/havenville/mystuff/PhD_R/2023-09-15_Entropy/Demo/backend/downloads/MLB2.mp4,751,39560
/Users/havenville/mystuff/PhD_R/2023-09-15_Entropy/Demo/backend/downloads/MLB2.mp4,752,106248
/Users/havenville/mystuff/PhD_R/2023-09-15_Entropy/Demo/backend/downloads/MLB2.mp4,753,39368
/Users/havenville/mystuff/PhD_R/2023-09-15_Entropy/Demo/backend/downloads/MLB2.mp4,754,40368
/Users/havenville/mystuff/PhD_R/2023-09-15_Entropy/Demo/backend/downloads/MLB2.mp4,755,103224
/Users/havenville/mystuff/PhD_R/2023-09-15_Entropy/Demo/backend/downloads/MLB2.mp4,756,38864
/Users/havenville/mystuff/PhD_R/2023-09-15_Entropy/Demo/backend/downloads/MLB2.mp4,757,34016
/Users/havenville/mystuff/PhD_R/2023-09-15_Entropy/Demo/backend/downloads/MLB2.mp4,758,98232
/Users/havenville/mystuff/PhD_R/2023-09-15_Entropy/Demo/backend/downloads/MLB2.mp4,759,39640
/Users/havenville/mystuff/PhD_R/2023-09-15_Entropy/Demo/backend/downloads/MLB2.mp4,760,39128
/Users/havenville/mystuff/PhD_R/2023-09-15_Entropy/Demo/backend/downloads/MLB2.mp4,761,113920
/Users/havenville/mystuff/PhD_R/2023-09-15_Entropy/Demo/backend/downloads/MLB2.mp4,762,41264
/Users/havenville/mystuff/PhD_R/2023-09-15_Entropy/Demo/backend/downloads/MLB2.mp4,763,44264
/Users/havenville/mystuff/PhD_R/2023-09-15_Entropy/Demo/backend/downloads/MLB2.mp4,764,97400
/Users/havenville/mystuff/PhD_R/2023-09-15_Entropy/Demo/backend/downloads/MLB2.mp4,765,45832
/Users/havenville/mystuff/PhD_R/2023-09-15_Entropy/Demo/backend/downloads/MLB2.mp4,766,43048
/Users/havenville/mystuff/PhD_R/2023-09-15_Entropy/Demo/backend/downloads/MLB2.mp4,767,21304
/Users/havenville/mystuff/PhD_R/2023-09-15_Entropy/Demo/backend/downloads/MLB2.mp4,768,576
/Users/havenville/mystuff/PhD_R/2023-09-15_Entropy/Demo/backend/downloads/MLB2.mp4,769,512
/Users/havenville/mystuff/PhD_R/2023-09-15_Entropy/Demo/backend/downloads/MLB2.mp4,770,360
/Users/havenville/mystuff/PhD_R/2023-09-15_Entropy/Demo/backend/downloads/MLB2.mp4,771,328
/Users/havenville/mystuff/PhD_R/2023-09-15_Entropy/Demo/backend/downloads/MLB2.mp4,772,344
/Users/havenville/mystuff/PhD_R/2023-09-15_Entropy/Demo/backend/downloads/MLB2.mp4,773,336
/Users/havenville/mystuff/PhD_R/2023-09-15_Entropy/Demo/backend/downloads/MLB2.mp4,774,280
/Users/havenville/mystuff/PhD_R/2023-09-15_Entropy/Demo/backend/downloads/MLB2.mp4,775,280
/Users/havenville/mystuff/PhD_R/2023-09-15_Entropy/Demo/backend/downloads/MLB2.mp4,776,336
/Users/havenville/mystuff/PhD_R/2023-09-15_Entropy/Demo/backend/downloads/MLB2.mp4,777,280
/Users/havenville/mystuff/PhD_R/2023-09-15_Entropy/Demo/backend/downloads/MLB2.mp4,778,280
/Users/havenville/mystuff/PhD_R/2023-09-15_Entropy/Demo/backend/downloads/MLB2.mp4,779,336
/Users/havenville/mystuff/PhD_R/2023-09-15_Entropy/Demo/backend/downloads/MLB2.mp4,780,280
/Users/havenville/mystuff/PhD_R/2023-09-15_Entropy/Demo/backend/downloads/MLB2.mp4,781,280
/Users/havenville/mystuff/PhD_R/2023-09-15_Entropy/Demo/backend/downloads/MLB2.mp4,782,336
/Users/havenville/mystuff/PhD_R/2023-09-15_Entropy/Demo/backend/downloads/MLB2.mp4,783,280
/Users/havenville/mystuff/PhD_R/2023-09-15_Entropy/Demo/backend/downloads/MLB2.mp4,784,328
/Users/havenville/mystuff/PhD_R/2023-09-15_Entropy/Demo/backend/downloads/MLB2.mp4,785,280
/Users/havenville/mystuff/PhD_R/2023-09-15_Entropy/Demo/backend/downloads/MLB2.mp4,786,336
/Users/havenville/mystuff/PhD_R/2023-09-15_Entropy/Demo/backend/downloads/MLB2.mp4,787,336
/Users/havenville/mystuff/PhD_R/2023-09-15_Entropy/Demo/backend/downloads/MLB2.mp4,788,336
/Users/havenville/mystuff/PhD_R/2023-09-15_Entropy/Demo/backend/downloads/MLB2.mp4,789,336
/Users/havenville/mystuff/PhD_R/2023-09-15_Entropy/Demo/backend/downloads/MLB2.mp4,790,336
/Users/havenville/mystuff/PhD_R/2023-09-15_Entropy/Demo/backend/downloads/MLB2.mp4,791,336
/Users/havenville/mystuff/PhD_R/2023-09-15_Entropy/Demo/backend/downloads/MLB2.mp4,792,336
/Users/havenville/mystuff/PhD_R/2023-09-15_Entropy/Demo/backend/downloads/MLB2.mp4,793,336
/Users/havenville/mystuff/PhD_R/2023-09-15_Entropy/Demo/backend/downloads/MLB2.mp4,794,336
/Users/havenville/mystuff/PhD_R/2023-09-15_Entropy/Demo/backend/downloads/MLB2.mp4,795,336
/Users/havenville/mystuff/PhD_R/2023-09-15_Entropy/Demo/backend/downloads/MLB2.mp4,796,336
/Users/havenville/mystuff/PhD_R/2023-09-15_Entropy/Demo/backend/downloads/MLB2.mp4,797,336
/Users/havenville/mystuff/PhD_R/2023-09-15_Entropy/Demo/backend/downloads/MLB2.mp4,798,336
/Users/havenville/mystuff/PhD_R/2023-09-15_Entropy/Demo/backend/downloads/MLB2.mp4,799,336
/Users/havenville/mystuff/PhD_R/2023-09-15_Entropy/Demo/backend/downloads/MLB2.mp4,800,69472
/Users/havenville/mystuff/PhD_R/2023-09-15_Entropy/Demo/backend/downloads/MLB2.mp4,801,448
/Users/havenville/mystuff/PhD_R/2023-09-15_Entropy/Demo/backend/downloads/MLB2.mp4,802,392
/Users/havenville/mystuff/PhD_R/2023-09-15_Entropy/Demo/backend/downloads/MLB2.mp4,803,496
/Users/havenville/mystuff/PhD_R/2023-09-15_Entropy/Demo/backend/downloads/MLB2.mp4,804,392
/Users/havenville/mystuff/PhD_R/2023-09-15_Entropy/Demo/backend/downloads/MLB2.mp4,805,464
/Users/havenville/mystuff/PhD_R/2023-09-15_Entropy/Demo/backend/downloads/MLB2.mp4,806,440
/Users/havenville/mystuff/PhD_R/2023-09-15_Entropy/Demo/backend/downloads/MLB2.mp4,807,360
/Users/havenville/mystuff/PhD_R/2023-09-15_Entropy/Demo/backend/downloads/MLB2.mp4,808,400
/Users/havenville/mystuff/PhD_R/2023-09-15_Entropy/Demo/backend/downloads/MLB2.mp4,809,360
/Users/havenville/mystuff/PhD_R/2023-09-15_Entropy/Demo/backend/downloads/MLB2.mp4,810,536
/Users/havenville/mystuff/PhD_R/2023-09-15_Entropy/Demo/backend/downloads/MLB2.mp4,811,1720
/Users/havenville/mystuff/PhD_R/2023-09-15_Entropy/Demo/backend/downloads/MLB2.mp4,812,2472
/Users/havenville/mystuff/PhD_R/2023-09-15_Entropy/Demo/backend/downloads/MLB2.mp4,813,1512
/Users/havenville/mystuff/PhD_R/2023-09-15_Entropy/Demo/backend/downloads/MLB2.mp4,814,1256
/Users/havenville/mystuff/PhD_R/2023-09-15_Entropy/Demo/backend/downloads/MLB2.mp4,815,4096
/Users/havenville/mystuff/PhD_R/2023-09-15_Entropy/Demo/backend/downloads/MLB2.mp4,816,304
/Users/havenville/mystuff/PhD_R/2023-09-15_Entropy/Demo/backend/downloads/MLB2.mp4,817,304
/Users/havenville/mystuff/PhD_R/2023-09-15_Entropy/Demo/backend/downloads/MLB2.mp4,818,400
/Users/havenville/mystuff/PhD_R/2023-09-15_Entropy/Demo/backend/downloads/MLB2.mp4,819,424
/Users/havenville/mystuff/PhD_R/2023-09-15_Entropy/Demo/backend/downloads/MLB2.mp4,820,296
/Users/havenville/mystuff/PhD_R/2023-09-15_Entropy/Demo/backend/downloads/MLB2.mp4,821,792
/Users/havenville/mystuff/PhD_R/2023-09-15_Entropy/Demo/backend/downloads/MLB2.mp4,822,536
/Users/havenville/mystuff/PhD_R/2023-09-15_Entropy/Demo/backend/downloads/MLB2.mp4,823,376
/Users/havenville/mystuff/PhD_R/2023-09-15_Entropy/Demo/backend/downloads/MLB2.mp4,824,352
/Users/havenville/mystuff/PhD_R/2023-09-15_Entropy/Demo/backend/downloads/MLB2.mp4,825,368
/Users/havenville/mystuff/PhD_R/2023-09-15_Entropy/Demo/backend/downloads/MLB2.mp4,826,408
/Users/havenville/mystuff/PhD_R/2023-09-15_Entropy/Demo/backend/downloads/MLB2.mp4,827,360
/Users/havenville/mystuff/PhD_R/2023-09-15_Entropy/Demo/backend/downloads/MLB2.mp4,828,352
/Users/havenville/mystuff/PhD_R/2023-09-15_Entropy/Demo/backend/downloads/MLB2.mp4,829,336
/Users/havenville/mystuff/PhD_R/2023-09-15_Entropy/Demo/backend/downloads/MLB2.mp4,830,5928
/Users/havenville/mystuff/PhD_R/2023-09-15_Entropy/Demo/backend/downloads/MLB2.mp4,831,4768
/Users/havenville/mystuff/PhD_R/2023-09-15_Entropy/Demo/backend/downloads/MLB2.mp4,832,320
/Users/havenville/mystuff/PhD_R/2023-09-15_Entropy/Demo/backend/downloads/MLB2.mp4,833,320
/Users/havenville/mystuff/PhD_R/2023-09-15_Entropy/Demo/backend/downloads/MLB2.mp4,834,704
/Users/havenville/mystuff/PhD_R/2023-09-15_Entropy/Demo/backend/downloads/MLB2.mp4,835,600
/Users/havenville/mystuff/PhD_R/2023-09-15_Entropy/Demo/backend/downloads/MLB2.mp4,836,440
/Users/havenville/mystuff/PhD_R/2023-09-15_Entropy/Demo/backend/downloads/MLB2.mp4,837,464
/Users/havenville/mystuff/PhD_R/2023-09-15_Entropy/Demo/backend/downloads/MLB2.mp4,838,472
/Users/havenville/mystuff/PhD_R/2023-09-15_Entropy/Demo/backend/downloads/MLB2.mp4,839,416
/Users/havenville/mystuff/PhD_R/2023-09-15_Entropy/Demo/backend/downloads/MLB2.mp4,840,528
/Users/havenville/mystuff/PhD_R/2023-09-15_Entropy/Demo/backend/downloads/MLB2.mp4,841,376
/Users/havenville/mystuff/PhD_R/2023-09-15_Entropy/Demo/backend/downloads/MLB2.mp4,842,376
/Users/havenville/mystuff/PhD_R/2023-09-15_Entropy/Demo/backend/downloads/MLB2.mp4,843,480
/Users/havenville/mystuff/PhD_R/2023-09-15_Entropy/Demo/backend/downloads/MLB2.mp4,844,440
/Users/havenville/mystuff/PhD_R/2023-09-15_Entropy/Demo/backend/downloads/MLB2.mp4,845,368
/Users/havenville/mystuff/PhD_R/2023-09-15_Entropy/Demo/backend/downloads/MLB2.mp4,846,392
/Users/havenville/mystuff/PhD_R/2023-09-15_Entropy/Demo/backend/downloads/MLB2.mp4,847,528
/Users/havenville/mystuff/PhD_R/2023-09-15_Entropy/Demo/backend/downloads/MLB2.mp4,848,1104
/Users/havenville/mystuff/PhD_R/2023-09-15_Entropy/Demo/backend/downloads/MLB2.mp4,849,360
/Users/havenville/mystuff/PhD_R/2023-09-15_Entropy/Demo/backend/downloads/MLB2.mp4,850,408
/Users/havenville/mystuff/PhD_R/2023-09-15_Entropy/Demo/backend/downloads/MLB2.mp4,851,392
/Users/havenville/mystuff/PhD_R/2023-09-15_Entropy/Demo/backend/downloads/MLB2.mp4,852,352
/Users/havenville/mystuff/PhD_R/2023-09-15_Entropy/Demo/backend/downloads/MLB2.mp4,853,400
/Users/havenville/mystuff/PhD_R/2023-09-15_Entropy/Demo/backend/downloads/MLB2.mp4,854,368
/Users/havenville/mystuff/PhD_R/2023-09-15_Entropy/Demo/backend/downloads/MLB2.mp4,855,368
/Users/havenville/mystuff/PhD_R/2023-09-15_Entropy/Demo/backend/downloads/MLB2.mp4,856,416
/Users/havenville/mystuff/PhD_R/2023-09-15_Entropy/Demo/backend/downloads/MLB2.mp4,857,392
/Users/havenville/mystuff/PhD_R/2023-09-15_Entropy/Demo/backend/downloads/MLB2.mp4,858,352
/Users/havenville/mystuff/PhD_R/2023-09-15_Entropy/Demo/backend/downloads/MLB2.mp4,859,376
/Users/havenville/mystuff/PhD_R/2023-09-15_Entropy/Demo/backend/downloads/MLB2.mp4,860,352
/Users/havenville/mystuff/PhD_R/2023-09-15_Entropy/Demo/backend/downloads/MLB2.mp4,861,368
/Users/havenville/mystuff/PhD_R/2023-09-15_Entropy/Demo/backend/downloads/MLB2.mp4,862,416
/Users/havenville/mystuff/PhD_R/2023-09-15_Entropy/Demo/backend/downloads/MLB2.mp4,863,392
/Users/havenville/mystuff/PhD_R/2023-09-15_Entropy/Demo/backend/downloads/MLB2.mp4,864,480
/Users/havenville/mystuff/PhD_R/2023-09-15_Entropy/Demo/backend/downloads/MLB2.mp4,865,312
/Users/havenville/mystuff/PhD_R/2023-09-15_Entropy/Demo/backend/downloads/MLB2.mp4,866,352
/Users/havenville/mystuff/PhD_R/2023-09-15_Entropy/Demo/backend/downloads/MLB2.mp4,867,352
/Users/havenville/mystuff/PhD_R/2023-09-15_Entropy/Demo/backend/downloads/MLB2.mp4,868,456
/Users/havenville/mystuff/PhD_R/2023-09-15_Entropy/Demo/backend/downloads/MLB2.mp4,869,424
/Users/havenville/mystuff/PhD_R/2023-09-15_Entropy/Demo/backend/downloads/MLB2.mp4,870,352
/Users/havenville/mystuff/PhD_R/2023-09-15_Entropy/Demo/backend/downloads/MLB2.mp4,871,384
/Users/havenville/mystuff/PhD_R/2023-09-15_Entropy/Demo/backend/downloads/MLB2.mp4,872,352
/Users/havenville/mystuff/PhD_R/2023-09-15_Entropy/Demo/backend/downloads/MLB2.mp4,873,368
/Users/havenville/mystuff/PhD_R/2023-09-15_Entropy/Demo/backend/downloads/MLB2.mp4,874,456
/Users/havenville/mystuff/PhD_R/2023-09-15_Entropy/Demo/backend/downloads/MLB2.mp4,875,400
/Users/havenville/mystuff/PhD_R/2023-09-15_Entropy/Demo/backend/downloads/MLB2.mp4,876,352
/Users/havenville/mystuff/PhD_R/2023-09-15_Entropy/Demo/backend/downloads/MLB2.mp4,877,368
/Users/havenville/mystuff/PhD_R/2023-09-15_Entropy/Demo/backend/downloads/MLB2.mp4,878,352
/Users/havenville/mystuff/PhD_R/2023-09-15_Entropy/Demo/backend/downloads/MLB2.mp4,879,520
/Users/havenville/mystuff/PhD_R/2023-09-15_Entropy/Demo/backend/downloads/MLB2.mp4,880,328
/Users/havenville/mystuff/PhD_R/2023-09-15_Entropy/Demo/backend/downloads/MLB2.mp4,881,328
/Users/havenville/mystuff/PhD_R/2023-09-15_Entropy/Demo/backend/downloads/MLB2.mp4,882,400
/Users/havenville/mystuff/PhD_R/2023-09-15_Entropy/Demo/backend/downloads/MLB2.mp4,883,448
/Users/havenville/mystuff/PhD_R/2023-09-15_Entropy/Demo/backend/downloads/MLB2.mp4,884,368
/Users/havenville/mystuff/PhD_R/2023-09-15_Entropy/Demo/backend/downloads/MLB2.mp4,885,440
/Users/havenville/mystuff/PhD_R/2023-09-15_Entropy/Demo/backend/downloads/MLB2.mp4,886,392
/Users/havenville/mystuff/PhD_R/2023-09-15_Entropy/Demo/backend/downloads/MLB2.mp4,887,352
/Users/havenville/mystuff/PhD_R/2023-09-15_Entropy/Demo/backend/downloads/MLB2.mp4,888,384
/Users/havenville/mystuff/PhD_R/2023-09-15_Entropy/Demo/backend/downloads/MLB2.mp4,889,456
/Users/havenville/mystuff/PhD_R/2023-09-15_Entropy/Demo/backend/downloads/MLB2.mp4,890,368
/Users/havenville/mystuff/PhD_R/2023-09-15_Entropy/Demo/backend/downloads/MLB2.mp4,891,440
/Users/havenville/mystuff/PhD_R/2023-09-15_Entropy/Demo/backend/downloads/MLB2.mp4,892,376
/Users/havenville/mystuff/PhD_R/2023-09-15_Entropy/Demo/backend/downloads/MLB2.mp4,893,352
/Users/havenville/mystuff/PhD_R/2023-09-15_Entropy/Demo/backend/downloads/MLB2.mp4,894,368
/Users/havenville/mystuff/PhD_R/2023-09-15_Entropy/Demo/backend/downloads/MLB2.mp4,895,448
/Users/havenville/mystuff/PhD_R/2023-09-15_Entropy/Demo/backend/downloads/MLB2.mp4,896,320
/Users/havenville/mystuff/PhD_R/2023-09-15_Entropy/Demo/backend/downloads/MLB2.mp4,897,352
/Users/havenville/mystuff/PhD_R/2023-09-15_Entropy/Demo/backend/downloads/MLB2.mp4,898,352
/Users/havenville/mystuff/PhD_R/2023-09-15_Entropy/Demo/backend/downloads/MLB2.mp4,899,336
/Users/havenville/mystuff/PhD_R/2023-09-15_Entropy/Demo/backend/downloads/MLB2.mp4,900,336
